index,method,seed,energy,cost,diversity,n_modes,round,k
0,sfgfn,1,-6.2876134,10240,,,0,1
1,sfgfn,1,-11.946997,20480,,,1,1
2,sfgfn,1,-13.762222,30720,,,2,1
3,sfgfn,1,-21.080002,40960,,,3,1
4,sfgfn,1,-21.080002,51200,,,4,1
5,sfgfn,1,-21.080002,61440,,,5,1
6,sfgfn,1,-21.080002,71680,,,6,1
7,sfgfn,1,-21.080002,81920,,,7,1
8,sfgfn,1,-21.080002,92160,,,8,1
9,sfgfn,1,-4.5492735,10240,0.5363386834604854,9,0,10
10,sfgfn,1,-10.130354,20480,0.541634641800676,6,1,10
11,sfgfn,1,-11.5992155,30720,0.537513440860215,8,2,10
12,sfgfn,1,-14.295868,40960,0.6102742478548929,7,3,10
13,sfgfn,1,-14.295868,51200,0.6102742478548929,7,4,10
14,sfgfn,1,-14.295868,61440,0.6102742478548929,7,5,10
15,sfgfn,1,-14.295868,71680,0.6102742478548929,7,6,10
16,sfgfn,1,-17.46289,81920,0.618120545462036,10,7,10
17,sfgfn,1,-17.46289,92160,0.618120545462036,10,8,10
18,sfgfn,1,-2.783391,10240,0.5196389331911423,76,0,100
19,sfgfn,1,-7.433516,20480,0.49754765299878206,49,1,100
20,sfgfn,1,-8.460018,30720,0.5146773422669532,64,2,100
21,sfgfn,1,-11.32044,40960,0.5850277185860961,81,3,100
22,sfgfn,1,-11.32044,51200,0.5850277185860961,78,4,100
23,sfgfn,1,-11.32044,61440,0.5850277185860961,81,5,100
24,sfgfn,1,-11.32044,71680,0.5850277185860961,81,6,100
25,sfgfn,1,-14.195612,81920,0.6534340434094522,88,7,100
26,sfgfn,1,-14.195612,92160,0.6534340434094522,88,8,100
27,mf_random,1,-9.295593,5309.799999999999,,,0,1
28,mf_random,1,-9.295593,10322.599999999999,,,1,1
29,mf_random,1,-9.295593,14959.199999999999,,,2,1
30,mf_random,1,-9.295593,20328.399999999998,,,3,1
31,mf_random,1,-10.068206,25182.799999999996,,,4,1
32,mf_random,1,-10.068206,29898.599999999995,,,5,1
33,mf_random,1,-10.154919,35148.99999999999,,,6,1
34,mf_random,1,-10.154919,39864.799999999996,,,7,1
35,mf_random,1,-10.154919,44818.2,,,8,1
36,mf_random,1,-10.170953,48999.399999999994,,,9,1
37,mf_random,1,-10.170953,53853.799999999996,,,10,1
38,mf_random,1,-10.170953,58173.6,,,11,1
39,mf_random,1,-10.170953,63245.799999999996,,,12,1
40,mf_random,1,-10.513358,68238.79999999999,,,13,1
41,mf_random,1,-10.513358,72518.99999999999,,,14,1
42,mf_random,1,-10.513358,77729.79999999999,,,15,1
43,mf_random,1,-11.762761,82762.4,,,16,1
44,mf_random,1,-11.762761,86943.59999999999,,,17,1
45,mf_random,1,-13.110479,87758.79999999999,,,18,1
46,mf_random,1,-13.110479,91543.99999999999,,,19,1
47,mf_random,1,-13.110479,95962.79999999999,,,20,1
48,mf_random,1,-13.110479,100836.99999999999,,,21,1
49,mf_random,1,-13.110479,105651.79999999999,,,22,1
50,mf_random,1,-13.110479,109476.59999999999,,,23,1
51,mf_random,1,-13.110479,114627.99999999999,,,24,1
52,mf_random,1,-13.110479,119680.39999999998,,,25,1
53,mf_random,1,-13.110479,124356.59999999998,,,26,1
54,mf_random,1,-13.110479,128715.99999999997,,,27,1
55,mf_random,1,-13.110479,133689.19999999998,,,28,1
56,mf_random,1,-13.110479,138781.19999999998,,,29,1
57,mf_random,1,-13.110479,142803.99999999997,,,30,1
58,mf_random,1,-13.110479,148192.99999999997,,,31,1
59,mf_random,1,-13.110479,153284.99999999997,,,32,1
60,mf_random,1,-13.110479,158396.79999999996,,,33,1
61,mf_random,1,-13.110479,162835.39999999997,,,34,1
62,mf_random,1,-13.110479,167392.79999999996,,,35,1
63,mf_random,1,-8.101583,5309.799999999999,0.4749561006805167,4,0,10
64,mf_random,1,-8.367294,10322.599999999999,0.4871351960464863,3,1,10
65,mf_random,1,-8.406637,14959.199999999999,0.4863713750407298,3,2,10
66,mf_random,1,-8.498618,20328.399999999998,0.47294232649071355,3,3,10
67,mf_random,1,-8.699192,25182.799999999996,0.4885118659715435,1,4,10
68,mf_random,1,-8.716055,29898.599999999995,0.48985744542196163,1,5,10
69,mf_random,1,-9.138506,35148.99999999999,0.5195406605918285,2,6,10
70,mf_random,1,-9.17609,39864.799999999996,0.5355343057943169,2,7,10
71,mf_random,1,-9.381201,44818.2,0.5119593506440002,4,8,10
72,mf_random,1,-9.581515,48999.399999999994,0.4869346411838069,5,9,10
73,mf_random,1,-9.599948,53853.799999999996,0.49693002513080387,4,10,10
74,mf_random,1,-9.599948,58173.6,0.49693002513080387,4,11,10
75,mf_random,1,-9.604398,63245.799999999996,0.4965635919821126,4,12,10
76,mf_random,1,-9.754501,68238.79999999999,0.4937104639273716,4,13,10
77,mf_random,1,-9.907918,72518.99999999999,0.49397248345524203,4,14,10
78,mf_random,1,-9.907918,77729.79999999999,0.49397248345524203,4,15,10
79,mf_random,1,-10.30625,82762.4,0.5097109255326718,5,16,10
80,mf_random,1,-10.30625,86943.59999999999,0.5097109255326718,5,17,10
81,mf_random,1,-10.660095,87758.79999999999,0.5064158185268243,5,18,10
82,mf_random,1,-10.727732,91543.99999999999,0.503641027606872,5,19,10
83,mf_random,1,-10.727732,95962.79999999999,0.503641027606872,5,20,10
84,mf_random,1,-10.727732,100836.99999999999,0.503641027606872,5,21,10
85,mf_random,1,-10.727732,105651.79999999999,0.503641027606872,5,22,10
86,mf_random,1,-10.727732,109476.59999999999,0.503641027606872,5,23,10
87,mf_random,1,-10.946744,114627.99999999999,0.5025014055801531,5,24,10
88,mf_random,1,-10.946744,119680.39999999998,0.5025014055801531,5,25,10
89,mf_random,1,-10.946744,124356.59999999998,0.5025014055801531,5,26,10
90,mf_random,1,-10.946744,128715.99999999997,0.5025014055801531,5,27,10
91,mf_random,1,-10.946744,133689.19999999998,0.5025014055801531,5,28,10
92,mf_random,1,-10.946744,138781.19999999998,0.5025014055801531,5,29,10
93,mf_random,1,-10.946744,142803.99999999997,0.5025014055801531,5,30,10
94,mf_random,1,-10.977386,148192.99999999997,0.5078352548252928,5,31,10
95,mf_random,1,-10.987963,153284.99999999997,0.5010735517732672,4,32,10
96,mf_random,1,-10.987963,158396.79999999996,0.5010735517732672,4,33,10
97,mf_random,1,-10.987963,162835.39999999997,0.5010735517732672,4,34,10
98,mf_random,1,-11.082902,167392.79999999996,0.49795224679123457,4,35,10
99,mf_random,1,-5.5017543,5309.799999999999,0.4645905847738192,12,0,100
100,mf_random,1,-6.040477,10322.599999999999,0.4659065941044997,12,1,100
101,mf_random,1,-6.288119,14959.199999999999,0.4658286957281823,15,2,100
102,mf_random,1,-6.7218733,20328.399999999998,0.473328804121599,16,3,100
103,mf_random,1,-6.9666843,25182.799999999996,0.4698715831466434,13,4,100
104,mf_random,1,-7.1551147,29898.599999999995,0.47673538547837807,14,5,100
105,mf_random,1,-7.3418465,35148.99999999999,0.4792785656300693,17,6,100
106,mf_random,1,-7.3949914,39864.799999999996,0.48036041797093865,17,7,100
107,mf_random,1,-7.6578064,44818.2,0.478550393243589,14,8,100
108,mf_random,1,-7.810257,48999.399999999994,0.47954502511607827,17,9,100
109,mf_random,1,-7.91171,53853.799999999996,0.4793989227725188,14,10,100
110,mf_random,1,-7.9450097,58173.6,0.47937908284385256,13,11,100
111,mf_random,1,-7.9977527,63245.799999999996,0.4787697884449464,13,12,100
112,mf_random,1,-8.063627,68238.79999999999,0.47676894520092966,13,13,100
113,mf_random,1,-8.177891,72518.99999999999,0.47832644310675804,15,14,100
114,mf_random,1,-8.189773,77729.79999999999,0.4792378674180994,15,15,100
115,mf_random,1,-8.2849865,82762.4,0.48098687145286056,16,16,100
116,mf_random,1,-8.371973,86943.59999999999,0.4817990870302472,15,17,100
117,mf_random,1,-8.489376,87758.79999999999,0.48247713482792354,13,18,100
118,mf_random,1,-8.541418,91543.99999999999,0.48140299119085045,14,19,100
119,mf_random,1,-8.609369,95962.79999999999,0.48187370087879233,15,20,100
120,mf_random,1,-8.614162,100836.99999999999,0.4814204346263612,15,21,100
121,mf_random,1,-8.634915,105651.79999999999,0.4811442911334312,15,22,100
122,mf_random,1,-8.682445,109476.59999999999,0.4830703633189762,16,23,100
123,mf_random,1,-8.731019,114627.99999999999,0.48385525909516197,16,24,100
124,mf_random,1,-8.77551,119680.39999999998,0.4856601995076878,17,25,100
125,mf_random,1,-8.866748,124356.59999999998,0.48940192129407745,18,26,100
126,mf_random,1,-8.885151,128715.99999999997,0.4881850402463951,18,27,100
127,mf_random,1,-8.912871,133689.19999999998,0.4871022316397863,18,28,100
128,mf_random,1,-8.943015,138781.19999999998,0.4849982900990225,17,29,100
129,mf_random,1,-8.95036,142803.99999999997,0.48494691255865685,16,30,100
130,mf_random,1,-8.985587,148192.99999999997,0.48495012604932974,17,31,100
131,mf_random,1,-9.047967,153284.99999999997,0.48825662098612393,16,32,100
132,mf_random,1,-9.056467,158396.79999999996,0.48906414900044,16,33,100
133,mf_random,1,-9.056467,162835.39999999997,0.48906414900044,16,34,100
134,mf_random,1,-9.104449,167392.79999999996,0.49121709831308685,16,35,100
135,mf_random,2,-9.430489,5626.6,,,0,1
136,mf_random,2,-9.8367195,10164.2,,,1,1
137,mf_random,2,-12.020086,14503.800000000001,,,2,1
138,mf_random,2,-12.020086,18803.800000000003,,,3,1
139,mf_random,2,-12.020086,22806.800000000003,,,4,1
140,mf_random,2,-12.020086,27027.600000000002,,,5,1
141,mf_random,2,-12.020086,32436.4,,,6,1
142,mf_random,2,-12.020086,37667.0,,,7,1
143,mf_random,2,-12.020086,42620.4,,,8,1
144,mf_random,2,-12.020086,47514.4,,,9,1
145,mf_random,2,-12.020086,52210.4,,,10,1
146,mf_random,2,-12.020086,57322.200000000004,,,11,1
147,mf_random,2,-12.238656,62275.600000000006,,,12,1
148,mf_random,2,-12.238656,67506.20000000001,,,13,1
149,mf_random,2,-12.238656,72459.6,,,14,1
150,mf_random,2,-12.238656,77254.6,,,15,1
151,mf_random,2,-12.238656,82109.0,,,16,1
152,mf_random,2,-12.238656,87121.8,,,17,1
153,mf_random,2,-12.238656,92629.6,,,18,1
154,mf_random,2,-12.238656,98038.40000000001,,,19,1
155,mf_random,2,-12.238656,103170.00000000001,,,20,1
156,mf_random,2,-12.238656,108004.60000000002,,,21,1
157,mf_random,2,-12.238656,112977.80000000002,,,22,1
158,mf_random,2,-7.749167,5626.6,0.4864928101160353,2,0,10
159,mf_random,2,-8.354129,10164.2,0.49394110272169234,1,1,10
160,mf_random,2,-8.903551,14503.800000000001,0.48701899995175213,3,2,10
161,mf_random,2,-9.069941,18803.800000000003,0.4620255128770309,3,3,10
162,mf_random,2,-9.752876,22806.800000000003,0.47102705967613057,4,4,10
163,mf_random,2,-10.10268,27027.600000000002,0.5106408646873543,4,5,10
164,mf_random,2,-10.18837,32436.4,0.5172672087733757,4,6,10
165,mf_random,2,-10.18837,37667.0,0.5172672087733757,4,7,10
166,mf_random,2,-10.18837,42620.4,0.5172672087733757,4,8,10
167,mf_random,2,-10.243667,47514.4,0.505018192679483,4,9,10
168,mf_random,2,-10.319325,52210.4,0.49242953730856953,4,10,10
169,mf_random,2,-10.330703,57322.200000000004,0.4857300152058216,3,11,10
170,mf_random,2,-10.711138,62275.600000000006,0.5036404366243076,4,12,10
171,mf_random,2,-10.711138,67506.20000000001,0.5036404366243076,4,13,10
172,mf_random,2,-10.711138,72459.6,0.5036404366243076,4,14,10
173,mf_random,2,-10.83558,77254.6,0.5044506896926252,2,15,10
174,mf_random,2,-10.83558,82109.0,0.5044506896926252,2,16,10
175,mf_random,2,-10.83558,87121.8,0.5044506896926252,2,17,10
176,mf_random,2,-10.83558,92629.6,0.5044506896926252,2,18,10
177,mf_random,2,-10.83558,98038.40000000001,0.5044506896926252,2,19,10
178,mf_random,2,-10.8611555,103170.00000000001,0.5123264907135875,2,20,10
179,mf_random,2,-10.8611555,108004.60000000002,0.5123264907135875,2,21,10
180,mf_random,2,-10.868849,112977.80000000002,0.5075149183166261,3,22,10
181,mf_random,2,-5.225061,5626.6,0.4591409611010371,12,0,100
182,mf_random,2,-6.122903,10164.2,0.46802689032040273,18,1,100
183,mf_random,2,-6.6389174,14503.800000000001,0.470621879483164,15,2,100
184,mf_random,2,-6.8693776,18803.800000000003,0.4695792261169309,14,3,100
185,mf_random,2,-7.2937865,22806.800000000003,0.47110080179469516,13,4,100
186,mf_random,2,-7.5472856,27027.600000000002,0.47197011143036655,14,5,100
187,mf_random,2,-7.6902866,32436.4,0.4761410879679789,15,6,100
188,mf_random,2,-7.7716413,37667.0,0.4742819614176774,13,7,100
189,mf_random,2,-7.881531,42620.4,0.47518513038441157,14,8,100
190,mf_random,2,-7.9553313,47514.4,0.4760592487409413,13,9,100
191,mf_random,2,-8.05134,52210.4,0.477882144197102,14,10,100
192,mf_random,2,-8.098423,57322.200000000004,0.4776727200037727,14,11,100
193,mf_random,2,-8.221978,62275.600000000006,0.47935306075707623,15,12,100
194,mf_random,2,-8.239727,67506.20000000001,0.4779130690687999,14,13,100
195,mf_random,2,-8.29311,72459.6,0.47814493103272593,15,14,100
196,mf_random,2,-8.3996525,77254.6,0.47791996735446685,14,15,100
197,mf_random,2,-8.432212,82109.0,0.4789566145744803,15,16,100
198,mf_random,2,-8.444263,87121.8,0.4775600508695354,15,17,100
199,mf_random,2,-8.45939,92629.6,0.47613600586591526,14,18,100
200,mf_random,2,-8.489011,98038.40000000001,0.47553473621175174,15,19,100
201,mf_random,2,-8.555926,103170.00000000001,0.47576563579382225,14,20,100
202,mf_random,2,-8.558826,108004.60000000002,0.47589801886744865,15,21,100
203,mf_random,2,-8.584855,112977.80000000002,0.4762544725773061,14,22,100
204,random_fid_gfn,1,-15.613293,102.40000000000002,,,0,1
205,random_fid_gfn,1,-15.613293,7253.6,,,1,1
206,random_fid_gfn,1,-15.613293,7969.8,,,2,1
207,random_fid_gfn,1,-15.613293,8072.2,,,3,1
208,random_fid_gfn,1,-15.613293,8174.599999999999,,,4,1
209,random_fid_gfn,1,-15.613293,18414.6,,,5,1
210,random_fid_gfn,1,-15.613293,18517.0,,,6,1
211,random_fid_gfn,1,-15.613293,18619.4,,,7,1
212,random_fid_gfn,1,-15.613293,18721.800000000003,,,8,1
213,random_fid_gfn,1,-15.613293,23992.000000000004,,,9,1
214,random_fid_gfn,1,-18.120846,24094.400000000005,,,10,1
215,random_fid_gfn,1,-18.352222,24196.800000000007,,,11,1
216,random_fid_gfn,1,-18.352222,29665.000000000007,,,12,1
217,random_fid_gfn,1,-18.352222,34935.200000000004,,,13,1
218,random_fid_gfn,1,-18.352222,40165.8,,,14,1
219,random_fid_gfn,1,-18.577614,45059.8,,,15,1
220,random_fid_gfn,1,-18.577614,50171.600000000006,,,16,1
221,random_fid_gfn,1,-11.674683,102.40000000000002,0.540451422830455,5,0,10
222,random_fid_gfn,1,-12.250675,7253.6,0.5335255201787459,3,1,10
223,random_fid_gfn,1,-12.82902,7969.8,0.5327223924985326,5,2,10
224,random_fid_gfn,1,-12.82902,8072.2,0.5327223924985326,5,3,10
225,random_fid_gfn,1,-12.82902,8174.599999999999,0.5327223924985326,5,4,10
226,random_fid_gfn,1,-12.82902,18414.6,0.5327223924985326,5,5,10
227,random_fid_gfn,1,-12.82902,18517.0,0.5327223924985326,5,6,10
228,random_fid_gfn,1,-12.82902,18619.4,0.5327223924985326,5,7,10
229,random_fid_gfn,1,-14.1372175,18721.800000000003,0.6149509041096917,5,8,10
230,random_fid_gfn,1,-14.1372175,23992.000000000004,0.6149509041096917,5,9,10
231,random_fid_gfn,1,-16.398182,24094.400000000005,0.5969487702385367,6,10,10
232,random_fid_gfn,1,-17.267849,24196.800000000007,0.6448867756167533,5,11,10
233,random_fid_gfn,1,-17.267849,29665.000000000007,0.6448867756167533,5,12,10
234,random_fid_gfn,1,-17.267849,34935.200000000004,0.6448867756167533,5,13,10
235,random_fid_gfn,1,-17.267849,40165.8,0.6448867756167533,5,14,10
236,random_fid_gfn,1,-17.486115,45059.8,0.6327198055827088,5,15,10
237,random_fid_gfn,1,-17.486115,50171.600000000006,0.6327198055827088,5,16,10
238,random_fid_gfn,1,-8.666803,102.40000000000002,0.5340199715101068,32,0,100
239,random_fid_gfn,1,-9.560166,7253.6,0.5270538723682434,28,1,100
240,random_fid_gfn,1,-10.11758,7969.8,0.5359817129611568,34,2,100
241,random_fid_gfn,1,-10.119519,8072.2,0.5353623849091839,33,3,100
242,random_fid_gfn,1,-10.119519,8174.599999999999,0.5353623849091839,33,4,100
243,random_fid_gfn,1,-10.119519,18414.6,0.5353623849091839,33,5,100
244,random_fid_gfn,1,-10.142029,18517.0,0.5331844014932785,32,6,100
245,random_fid_gfn,1,-10.145722,18619.4,0.5304731587937883,31,7,100
246,random_fid_gfn,1,-11.660564,18721.800000000003,0.5934200353949637,53,8,100
247,random_fid_gfn,1,-11.660564,23992.000000000004,0.5934200353949637,53,9,100
248,random_fid_gfn,1,-13.357201,24094.400000000005,0.6192090434362122,55,10,100
249,random_fid_gfn,1,-14.401248,24196.800000000007,0.6201387302732916,59,11,100
250,random_fid_gfn,1,-14.401248,29665.000000000007,0.6201387302732916,59,12,100
251,random_fid_gfn,1,-14.401248,34935.200000000004,0.6201387302732916,59,13,100
252,random_fid_gfn,1,-14.401248,40165.8,0.6201387302732916,59,14,100
253,random_fid_gfn,1,-14.599484,45059.8,0.619197722504653,55,15,100
254,random_fid_gfn,1,-14.599484,50171.600000000006,0.619197722504653,55,16,100
255,random_fid_gfn,2,-10.467209,102.40000000000002,,,0,1
256,random_fid_gfn,2,-14.08873,2382.7999999999997,,,1,1
257,random_fid_gfn,2,-14.08873,2485.2,,,2,1
258,random_fid_gfn,2,-14.08873,7260.4,,,3,1
259,random_fid_gfn,2,-14.08873,9501.199999999999,,,4,1
260,random_fid_gfn,2,-14.08873,9603.599999999999,,,5,1
261,random_fid_gfn,2,-14.08873,9705.999999999998,,,6,1
262,random_fid_gfn,2,-14.08873,13273.399999999998,,,7,1
263,random_fid_gfn,2,-14.08873,13831.199999999997,,,8,1
264,random_fid_gfn,2,-18.79149,13933.599999999997,,,9,1
265,random_fid_gfn,2,-18.79149,19263.199999999997,,,10,1
266,random_fid_gfn,2,-19.96873,26869.799999999996,,,11,1
267,random_fid_gfn,2,-19.96873,31664.799999999996,,,12,1
268,random_fid_gfn,2,-19.96873,41904.799999999996,,,13,1
269,random_fid_gfn,2,-19.96873,52144.799999999996,,,14,1
270,random_fid_gfn,2,-19.96873,57078.399999999994,,,15,1
271,random_fid_gfn,2,-19.96873,61932.799999999996,,,16,1
272,random_fid_gfn,2,-8.222116,102.40000000000002,0.6415367383512545,3,0,10
273,random_fid_gfn,2,-12.163576,2382.7999999999997,0.5629206787938712,2,1,10
274,random_fid_gfn,2,-12.163576,2485.2,0.5629206787938712,2,2,10
275,random_fid_gfn,2,-12.163576,7260.4,0.5629206787938712,2,3,10
276,random_fid_gfn,2,-12.426102,9501.199999999999,0.5597196520263816,3,4,10
277,random_fid_gfn,2,-12.426102,9603.599999999999,0.5597196520263816,3,5,10
278,random_fid_gfn,2,-12.676738,9705.999999999998,0.5425010580405463,2,6,10
279,random_fid_gfn,2,-12.772547,13273.399999999998,0.5358194570847518,2,7,10
280,random_fid_gfn,2,-13.220797,13831.199999999997,0.5360607737718743,3,8,10
281,random_fid_gfn,2,-16.738325,13933.599999999997,0.6548118981809193,4,9,10
282,random_fid_gfn,2,-16.738325,19263.199999999997,0.6548118981809193,4,10,10
283,random_fid_gfn,2,-18.296549,26869.799999999996,0.6763680838792073,7,11,10
284,random_fid_gfn,2,-18.296549,31664.799999999996,0.6763680838792073,7,12,10
285,random_fid_gfn,2,-18.827814,41904.799999999996,0.6856330780927554,6,13,10
286,random_fid_gfn,2,-18.854616,52144.799999999996,0.6837737590963398,6,14,10
287,random_fid_gfn,2,-18.854616,57078.399999999994,0.6837737590963398,6,15,10
288,random_fid_gfn,2,-18.854616,61932.799999999996,0.6837737590963398,6,16,10
289,random_fid_gfn,2,-5.612322,102.40000000000002,0.6249727783782237,37,0,100
290,random_fid_gfn,2,-9.391286,2382.7999999999997,0.5503330434177631,24,1,100
291,random_fid_gfn,2,-9.391286,2485.2,0.5503330434177631,23,2,100
292,random_fid_gfn,2,-9.391286,7260.4,0.5503330434177631,23,3,100
293,random_fid_gfn,2,-9.732998,9501.199999999999,0.5368199838214508,24,4,100
294,random_fid_gfn,2,-9.732998,9603.599999999999,0.5368199838214508,24,5,100
295,random_fid_gfn,2,-9.930578,9705.999999999998,0.5362351690342892,25,6,100
296,random_fid_gfn,2,-10.121355,13273.399999999998,0.5369946356031418,28,7,100
297,random_fid_gfn,2,-10.549873,13831.199999999997,0.5296203897702005,30,8,100
298,random_fid_gfn,2,-13.796748,13933.599999999997,0.6371419133350253,57,9,100
299,random_fid_gfn,2,-13.796748,19263.199999999997,0.6371419133350253,57,10,100
300,random_fid_gfn,2,-15.703712,26869.799999999996,0.6743436630903313,56,11,100
301,random_fid_gfn,2,-15.703712,31664.799999999996,0.6743436630903313,56,12,100
302,random_fid_gfn,2,-16.290455,41904.799999999996,0.6801555182055805,61,13,100
303,random_fid_gfn,2,-16.378603,52144.799999999996,0.6745566978058063,63,14,100
304,random_fid_gfn,2,-16.378603,57078.399999999994,0.6745566978058063,63,15,100
305,random_fid_gfn,2,-16.378603,61932.799999999996,0.6745566978058063,63,16,100
306,mfppo,1,-7.5035534,102.40000000000002,,,0,1
307,mfppo,1,-7.5035534,10342.4,,,1,1
308,mfppo,1,-7.5035534,20582.4,,,2,1
309,mfppo,1,-18.85454,30822.4,,,3,1
310,mfppo,1,-6.8355546,102.40000000000002,0.7760334528076462,7,0,10
311,mfppo,1,-6.8355546,10342.4,0.7760334528076462,7,1,10
312,mfppo,1,-6.8355546,20582.4,0.7760334528076462,7,2,10
313,mfppo,1,-17.985416,30822.4,0.8842293906810034,9,3,10
314,mfppo,1,-5.152767,102.40000000000002,0.766045791098115,77,0,100
315,mfppo,1,-5.152767,10342.4,0.766045791098115,77,1,100
316,mfppo,1,-5.194534,20582.4,0.7466569006284277,78,2,100
317,mfppo,1,-15.380138,30822.4,0.8039643382879933,98,3,100
318,mfgfn_a,1,-14.52873,102.40000000000002,,,0,1
319,mfgfn_a,1,-15.291811,204.80000000000004,,,1,1
320,mfgfn_a,1,-15.291811,6841.2,,,2,1
321,mfgfn_a,1,-15.291811,6943.599999999999,,,3,1
322,mfgfn_a,1,-15.291811,7045.999999999999,,,4,1
323,mfgfn_a,1,-16.26049,7148.399999999999,,,5,1
324,mfgfn_a,1,-16.26049,17388.399999999998,,,6,1
325,mfgfn_a,1,-16.26049,17490.8,,,7,1
326,mfgfn_a,1,-16.26049,17593.2,,,8,1
327,mfgfn_a,1,-16.26049,17695.600000000002,,,9,1
328,mfgfn_a,1,-18.625662,17798.000000000004,,,10,1
329,mfgfn_a,1,-18.625662,17900.400000000005,,,11,1
330,mfgfn_a,1,-18.625662,18062.200000000004,,,12,1
331,mfgfn_a,1,-21.13095,18164.600000000006,,,13,1
332,mfgfn_a,1,-21.13095,28404.600000000006,,,14,1
333,mfgfn_a,1,-21.13095,33773.8,,,15,1
334,mfgfn_a,1,-21.13095,38846.0,,,16,1
335,mfgfn_a,1,-12.924085,102.40000000000002,0.6274988296011655,6,0,10
336,mfgfn_a,1,-13.538269,204.80000000000004,0.5930170494339014,6,1,10
337,mfgfn_a,1,-13.573042,6841.2,0.5923927961483578,5,2,10
338,mfgfn_a,1,-13.573042,6943.599999999999,0.5923927961483578,5,3,10
339,mfgfn_a,1,-13.859301,7045.999999999999,0.5819621081036542,5,4,10
340,mfgfn_a,1,-14.252016,7148.399999999999,0.569438246012217,4,5,10
341,mfgfn_a,1,-14.252016,17388.399999999998,0.569438246012217,4,6,10
342,mfgfn_a,1,-14.252016,17490.8,0.569438246012217,4,7,10
343,mfgfn_a,1,-14.44644,17593.2,0.5579149485211776,4,8,10
344,mfgfn_a,1,-14.462588,17695.600000000002,0.562644586390415,5,9,10
345,mfgfn_a,1,-15.652899,17798.000000000004,0.5546087216248506,7,10,10
346,mfgfn_a,1,-15.89933,17900.400000000005,0.5979823775388292,8,11,10
347,mfgfn_a,1,-16.341492,18062.200000000004,0.6070120419995281,8,12,10
348,mfgfn_a,1,-18.159485,18164.600000000006,0.6609008981172496,7,13,10
349,mfgfn_a,1,-18.277552,28404.600000000006,0.6625090635685742,7,14,10
350,mfgfn_a,1,-18.277552,33773.8,0.6625090635685742,7,15,10
351,mfgfn_a,1,-18.277552,38846.0,0.6625090635685742,7,16,10
352,mfgfn_a,1,-9.484557,102.40000000000002,0.5824763508131415,41,0,100
353,mfgfn_a,1,-10.417912,204.80000000000004,0.5725362760452387,41,1,100
354,mfgfn_a,1,-10.629803,6841.2,0.5663445906971191,39,2,100
355,mfgfn_a,1,-10.629803,6943.599999999999,0.5663445906971191,39,3,100
356,mfgfn_a,1,-11.082717,7045.999999999999,0.5544053269198311,35,4,100
357,mfgfn_a,1,-11.5888405,7148.399999999999,0.5558500909742182,33,5,100
358,mfgfn_a,1,-11.5888405,17388.399999999998,0.5558500909742182,33,6,100
359,mfgfn_a,1,-11.739995,17490.8,0.5557875674650872,33,7,100
360,mfgfn_a,1,-12.175628,17593.2,0.567343684965156,42,8,100
361,mfgfn_a,1,-12.227353,17695.600000000002,0.5661025939949476,41,9,100
362,mfgfn_a,1,-13.17794,17798.000000000004,0.5975635365833536,50,10,100
363,mfgfn_a,1,-13.851873,17900.400000000005,0.6166975176131488,55,11,100
364,mfgfn_a,1,-14.186438,18062.200000000004,0.6217397079152406,53,12,100
365,mfgfn_a,1,-15.110456,18164.600000000006,0.6352374178534522,55,13,100
366,mfgfn_a,1,-15.324886,28404.600000000006,0.6320623861940972,60,14,100
367,mfgfn_a,1,-15.324886,33773.8,0.6320623861940972,60,15,100
368,mfgfn_a,1,-15.324886,38846.0,0.6320623861940972,60,16,100
369,mfgfn_b,1,-17.142763,102.40000000000002,,,0,1
370,mfgfn_b,1,-17.142763,9471.199999999999,,,1,1
371,mfgfn_b,1,-17.142763,9573.599999999999,,,2,1
372,mfgfn_b,1,-17.142763,9675.999999999998,,,3,1
373,mfgfn_b,1,-18.123466,9778.399999999998,,,4,1
374,mfgfn_b,1,-18.123466,20018.399999999998,,,5,1
375,mfgfn_b,1,-18.123466,26060.799999999996,,,6,1
376,mfgfn_b,1,-18.123466,26163.199999999997,,,7,1
377,mfgfn_b,1,-19.675446,26265.6,,,8,1
378,mfgfn_b,1,-19.675446,31535.8,,,9,1
379,mfgfn_b,1,-19.675446,36885.2,,,10,1
380,mfgfn_b,1,-19.675446,36987.6,,,11,1
381,mfgfn_b,1,-19.675446,42317.2,,,12,1
382,mfgfn_b,1,-19.675446,47825.0,,,13,1
383,mfgfn_b,1,-19.675446,52857.6,,,14,1
384,mfgfn_b,1,-20.20149,58365.4,,,15,1
385,mfgfn_b,1,-20.20149,63655.4,,,16,1
386,mfgfn_b,1,-14.922335,102.40000000000002,0.5602007104568774,3,0,10
387,mfgfn_b,1,-14.922335,9471.199999999999,0.5602007104568774,3,1,10
388,mfgfn_b,1,-15.083,9573.599999999999,0.5453884752010938,3,2,10
389,mfgfn_b,1,-15.083,9675.999999999998,0.5453884752010938,3,3,10
390,mfgfn_b,1,-15.709091,9778.399999999998,0.5860535508964319,3,4,10
391,mfgfn_b,1,-15.709091,20018.399999999998,0.5860535508964319,3,5,10
392,mfgfn_b,1,-15.709091,26060.799999999996,0.5860535508964319,3,6,10
393,mfgfn_b,1,-15.709091,26163.199999999997,0.5860535508964319,3,7,10
394,mfgfn_b,1,-17.160706,26265.6,0.6106469262517649,3,8,10
395,mfgfn_b,1,-17.160706,31535.8,0.6106469262517649,3,9,10
396,mfgfn_b,1,-17.160706,36885.2,0.6106469262517649,3,10,10
397,mfgfn_b,1,-18.393963,36987.6,0.6412635766264798,4,11,10
398,mfgfn_b,1,-18.393963,42317.2,0.6412635766264798,4,12,10
399,mfgfn_b,1,-18.393963,47825.0,0.6412635766264798,4,13,10
400,mfgfn_b,1,-18.393963,52857.6,0.6412635766264798,4,14,10
401,mfgfn_b,1,-19.022255,58365.4,0.6615874447103589,6,15,10
402,mfgfn_b,1,-19.022255,63655.4,0.6615874447103589,6,16,10
403,mfgfn_b,1,-11.379172,102.40000000000002,0.5840160089981564,37,0,100
404,mfgfn_b,1,-11.488063,9471.199999999999,0.574909927357105,39,1,100
405,mfgfn_b,1,-11.577236,9573.599999999999,0.5711971925240984,38,2,100
406,mfgfn_b,1,-11.577236,9675.999999999998,0.5711971925240984,38,3,100
407,mfgfn_b,1,-12.72835,9778.399999999998,0.5864849226078429,39,4,100
408,mfgfn_b,1,-12.72835,20018.399999999998,0.5864849226078429,39,5,100
409,mfgfn_b,1,-12.72835,26060.799999999996,0.5864849226078429,39,6,100
410,mfgfn_b,1,-12.72835,26163.199999999997,0.5864849226078429,39,7,100
411,mfgfn_b,1,-14.221271,26265.6,0.6211077223900058,54,8,100
412,mfgfn_b,1,-14.221271,31535.8,0.6211077223900058,54,9,100
413,mfgfn_b,1,-14.221271,36885.2,0.6211077223900058,54,10,100
414,mfgfn_b,1,-15.8540945,36987.6,0.6681266563555835,67,11,100
415,mfgfn_b,1,-15.8540945,42317.2,0.6681266563555835,67,12,100
416,mfgfn_b,1,-15.8540945,47825.0,0.6681266563555835,67,13,100
417,mfgfn_b,1,-15.8540945,52857.6,0.6681266563555835,67,14,100
418,mfgfn_b,1,-16.78801,58365.4,0.6814431285495667,69,15,100
419,mfgfn_b,1,-16.78801,63655.4,0.6814431285495667,69,16,100
420,mfgfn_c,1,-14.843466,4236,,,0,1
421,mfgfn_c,1,-14.843466,14476,,,1,1
422,mfgfn_c,1,-14.843466,14988,,,2,1
423,mfgfn_c,1,-15.650677,15500,,,3,1
424,mfgfn_c,1,-15.650677,20705,,,4,1
425,mfgfn_c,1,-17.651844,21255,,,5,1
426,mfgfn_c,1,-17.651844,26650,,,6,1
427,mfgfn_c,1,-17.651844,32083,,,7,1
428,mfgfn_c,1,-17.651844,37459,,,8,1
429,mfgfn_c,1,-17.651844,43025,,,9,1
430,mfgfn_c,1,-17.651844,43537,,,10,1
431,mfgfn_c,1,-17.651844,53321,,,11,1
432,mfgfn_c,1,-18.742868,63561,,,12,1
433,mfgfn_c,1,-18.742868,69127,,,13,1
434,mfgfn_c,1,-19.787209,79367,,,14,1
435,mfgfn_c,1,-12.568457,4236,0.5636150483327902,1,0,10
436,mfgfn_c,1,-12.568457,14476,0.5636150483327902,1,1,10
437,mfgfn_c,1,-12.653438,14988,0.5532372108178559,1,2,10
438,mfgfn_c,1,-13.887999,15500,0.5601921005702986,6,3,10
439,mfgfn_c,1,-13.887999,20705,0.5601921005702986,6,4,10
440,mfgfn_c,1,-15.992342,21255,0.6193321657434561,8,5,10
441,mfgfn_c,1,-15.992342,26650,0.6193321657434561,8,6,10
442,mfgfn_c,1,-15.992342,32083,0.6193321657434561,8,7,10
443,mfgfn_c,1,-15.992342,37459,0.6193321657434561,8,8,10
444,mfgfn_c,1,-15.992342,43025,0.6193321657434561,8,9,10
445,mfgfn_c,1,-16.608744,43537,0.6320291625936788,6,10,10
446,mfgfn_c,1,-16.608744,53321,0.6320291625936788,6,11,10
447,mfgfn_c,1,-17.780294,63561,0.6860733680894971,3,12,10
448,mfgfn_c,1,-17.780294,69127,0.6860733680894971,3,13,10
449,mfgfn_c,1,-18.319563,79367,0.6602145106983817,3,14,10
450,mfgfn_c,1,-9.467639,4236,0.5528406886317592,31,0,100
451,mfgfn_c,1,-9.467639,14476,0.5528406886317592,31,1,100
452,mfgfn_c,1,-9.649048,14988,0.5391062627658593,28,2,100
453,mfgfn_c,1,-11.039809,15500,0.5672485599952787,32,3,100
454,mfgfn_c,1,-11.044602,20705,0.5661345659126951,32,4,100
455,mfgfn_c,1,-13.12214,21255,0.6123649686677025,56,5,100
456,mfgfn_c,1,-13.12214,26650,0.6123649686677025,56,6,100
457,mfgfn_c,1,-13.12214,32083,0.6123649686677025,56,7,100
458,mfgfn_c,1,-13.12214,37459,0.6123649686677025,56,8,100
459,mfgfn_c,1,-13.12214,43025,0.6123649686677025,56,9,100
460,mfgfn_c,1,-14.143193,43537,0.6230006176833943,61,10,100
461,mfgfn_c,1,-14.234966,53321,0.6231170586155507,60,11,100
462,mfgfn_c,1,-15.541307,63561,0.6514134769966948,58,12,100
463,mfgfn_c,1,-15.541307,69127,0.6514134769966948,58,13,100
464,mfgfn_c,1,-16.178324,79367,0.665066967228163,64,14,100
465,mfgfn_d,1,-12.205271,9860,,,0,1
466,mfgfn_d,1,-12.205271,16200,,,1,1
467,mfgfn_d,1,-14.252949,22010,,,2,1
468,mfgfn_d,1,-19.762222,30440,,,3,1
469,mfgfn_d,1,-19.762222,40680,,,4,1
470,mfgfn_d,1,-19.762222,48400,,,5,1
471,mfgfn_d,1,-19.762222,56230,,,6,1
472,mfgfn_d,1,-19.762222,64050,,,7,1
473,mfgfn_d,1,-10.904232,9860,0.5543777094044547,1,0,10
474,mfgfn_d,1,-10.904232,16200,0.5543777094044547,1,1,10
475,mfgfn_d,1,-12.018343,22010,0.5801258232251002,2,2,10
476,mfgfn_d,1,-16.499264,30440,0.6456230173443744,6,3,10
477,mfgfn_d,1,-17.797825,40680,0.6747589977665879,4,4,10
478,mfgfn_d,1,-17.797825,48400,0.6747589977665879,4,5,10
479,mfgfn_d,1,-17.797825,56230,0.6747589977665879,4,6,10
480,mfgfn_d,1,-17.797825,64050,0.6747589977665879,4,7,10
481,mfgfn_d,1,-8.537628,9860,0.5294791911098516,29,0,100
482,mfgfn_d,1,-8.537628,16200,0.5294791911098516,29,1,100
483,mfgfn_d,1,-9.628188,22010,0.5496151102327714,27,2,100
484,mfgfn_d,1,-13.181982,30440,0.6314511764222488,60,3,100
485,mfgfn_d,1,-14.868928,40680,0.6468380918802934,59,4,100
486,mfgfn_d,1,-14.868928,48400,0.6468380918802934,59,5,100
487,mfgfn_d,1,-14.868928,56230,0.6468380918802934,59,6,100
488,mfgfn_d,1,-14.868928,64050,0.6468380918802934,59,7,100
