index,method,seed,energy,energy_diverse,cost,diversity,n_modes,round,k
0,sfgfn,1,-6.2876134,,10240,,,0,1
1,sfgfn,1,-11.946997,,20480,,,1,1
2,sfgfn,1,-13.762222,,30720,,,2,1
3,sfgfn,1,-21.080002,,40960,,,3,1
4,sfgfn,1,-21.080002,,51200,,,4,1
5,sfgfn,1,-21.080002,,61440,,,5,1
6,sfgfn,1,-21.080002,,71680,,,6,1
7,sfgfn,1,-21.080002,,81920,,,7,1
8,sfgfn,1,-21.080002,,92160,,,8,1
9,sfgfn,1,-4.5492735,-4.322386717796325,10240,0.5363386834604854,9,0,10
10,sfgfn,1,-10.130354,-9.524787521362304,20480,0.541634641800676,6,1,10
11,sfgfn,1,-11.5992155,-10.860621166229247,30720,0.537513440860215,8,2,10
12,sfgfn,1,-14.295868,-12.812801361083984,40960,0.6102742478548929,7,3,10
13,sfgfn,1,-14.295868,-12.812801361083984,51200,0.6102742478548929,7,4,10
14,sfgfn,1,-14.295868,-12.812801361083984,61440,0.6102742478548929,7,5,10
15,sfgfn,1,-14.295868,-12.812801361083984,71680,0.6102742478548929,7,6,10
16,sfgfn,1,-17.46289,-14.774160671234132,81920,0.618120545462036,10,7,10
17,sfgfn,1,-17.46289,-14.774160671234132,92160,0.618120545462036,10,8,10
18,sfgfn,1,-3.3286426,-1.91216144323349,10240,0.5234659536502067,39,0,50
19,sfgfn,1,-8.269426,-7.1124596118927,20480,0.5077297466174544,34,1,50
20,sfgfn,1,-9.397049,-7.747183170318603,30720,0.5247002443769643,36,2,50
21,sfgfn,1,-12.234372,-8.095607013702393,40960,0.5871189336936977,39,3,50
22,sfgfn,1,-12.234372,-8.261659030914307,51200,0.5871189336936977,39,4,50
23,sfgfn,1,-12.234372,-8.308577804565429,61440,0.5871189336936977,39,5,50
24,sfgfn,1,-12.234372,-8.368276786804199,71680,0.5871189336936977,39,6,50
25,sfgfn,1,-15.04549,-8.642948923110962,81920,0.6553528529129431,46,7,50
26,sfgfn,1,-15.04549,-8.65788836479187,92160,0.6553528529129431,46,8,50
27,sfgfn,1,-2.783391,-0.956080721616745,10240,0.5196389331911423,79,0,100
28,sfgfn,1,-7.433516,-5.30217337846756,20480,0.49754765299878206,50,1,100
29,sfgfn,1,-8.460018,-5.862860999107361,30720,0.5146773422669532,68,2,100
30,sfgfn,1,-11.32044,-6.042286899089813,40960,0.5850277185860961,81,3,100
31,sfgfn,1,-11.32044,-6.518285965919494,51200,0.5850277185860961,81,4,100
32,sfgfn,1,-11.32044,-6.708958258628845,61440,0.5850277185860961,78,5,100
33,sfgfn,1,-11.32044,-6.8531057643890385,71680,0.5850277185860961,81,6,100
34,sfgfn,1,-14.195612,-6.993719258308411,81920,0.6534340434094522,88,7,100
35,sfgfn,1,-14.195612,-7.057356071472168,92160,0.6534340434094522,88,8,100
36,sfgfn,1,-2.2179606,-0.4780403608083725,10240,0.5237344978318947,143,0,200
37,sfgfn,1,-6.4884453,-2.766570728421211,20480,0.49944684361646324,90,1,200
38,sfgfn,1,-7.490956,-3.1755133467912673,30720,0.502700050444683,109,2,200
39,sfgfn,1,-10.264127,-3.3593965739011766,40960,0.5764658875360879,162,3,200
40,sfgfn,1,-10.265349,-4.671671900749207,51200,0.5757734652909042,161,4,200
41,sfgfn,1,-10.265349,-5.057871696949005,61440,0.5757734652909042,161,5,200
42,sfgfn,1,-10.265349,-5.308236403465271,71680,0.5757734652909042,161,6,200
43,sfgfn,1,-13.257612,-5.36545257806778,81920,0.6464240075114912,178,7,200
44,sfgfn,1,-13.257612,-5.518618166446686,92160,0.6464240075114912,178,8,200
45,mf_random,1,-9.295593,,5309.799999999999,,,0,1
46,mf_random,1,-9.295593,,10322.599999999999,,,1,1
47,mf_random,1,-9.295593,,14959.199999999999,,,2,1
48,mf_random,1,-9.295593,,20328.399999999998,,,3,1
49,mf_random,1,-10.068206,,25182.799999999996,,,4,1
50,mf_random,1,-10.068206,,29898.599999999995,,,5,1
51,mf_random,1,-10.154919,,35148.99999999999,,,6,1
52,mf_random,1,-10.154919,,39864.799999999996,,,7,1
53,mf_random,1,-10.154919,,44818.2,,,8,1
54,mf_random,1,-10.170953,,48999.399999999994,,,9,1
55,mf_random,1,-10.170953,,53853.799999999996,,,10,1
56,mf_random,1,-10.170953,,58173.6,,,11,1
57,mf_random,1,-10.170953,,63245.799999999996,,,12,1
58,mf_random,1,-10.513358,,68238.79999999999,,,13,1
59,mf_random,1,-10.513358,,72518.99999999999,,,14,1
60,mf_random,1,-10.513358,,77729.79999999999,,,15,1
61,mf_random,1,-11.762761,,82762.4,,,16,1
62,mf_random,1,-11.762761,,86943.59999999999,,,17,1
63,mf_random,1,-13.110479,,87758.79999999999,,,18,1
64,mf_random,1,-13.110479,,91543.99999999999,,,19,1
65,mf_random,1,-13.110479,,95962.79999999999,,,20,1
66,mf_random,1,-13.110479,,100836.99999999999,,,21,1
67,mf_random,1,-13.110479,,105651.79999999999,,,22,1
68,mf_random,1,-13.110479,,109476.59999999999,,,23,1
69,mf_random,1,-13.110479,,114627.99999999999,,,24,1
70,mf_random,1,-13.110479,,119680.39999999998,,,25,1
71,mf_random,1,-13.110479,,124356.59999999998,,,26,1
72,mf_random,1,-13.110479,,128715.99999999997,,,27,1
73,mf_random,1,-13.110479,,133689.19999999998,,,28,1
74,mf_random,1,-13.110479,,138781.19999999998,,,29,1
75,mf_random,1,-13.110479,,142803.99999999997,,,30,1
76,mf_random,1,-13.110479,,148192.99999999997,,,31,1
77,mf_random,1,-13.110479,,153284.99999999997,,,32,1
78,mf_random,1,-13.110479,,158396.79999999996,,,33,1
79,mf_random,1,-13.110479,,162835.39999999997,,,34,1
80,mf_random,1,-13.110479,,167392.79999999996,,,35,1
81,mf_random,1,-8.101583,-7.886605167388916,5309.799999999999,0.4749561006805167,4,0,10
82,mf_random,1,-8.367294,-8.274167490005492,10322.599999999999,0.4871351960464863,3,1,10
83,mf_random,1,-8.406637,-8.288940048217773,14959.199999999999,0.4863713750407298,3,2,10
84,mf_random,1,-8.498618,-8.414884567260742,20328.399999999998,0.47294232649071355,3,3,10
85,mf_random,1,-8.699192,-8.678845405578613,25182.799999999996,0.4885118659715435,1,4,10
86,mf_random,1,-8.716055,-8.678845405578613,29898.599999999995,0.48985744542196163,1,5,10
87,mf_random,1,-9.138506,-9.106167602539063,35148.99999999999,0.5195406605918285,2,6,10
88,mf_random,1,-9.17609,-9.106167602539063,39864.799999999996,0.5355343057943169,2,7,10
89,mf_random,1,-9.381201,-9.37243719100952,44818.2,0.5119593506440002,4,8,10
90,mf_random,1,-9.581515,-9.58151626586914,48999.399999999994,0.4869346411838069,5,9,10
91,mf_random,1,-9.599948,-9.599948501586914,53853.799999999996,0.49693002513080387,4,10,10
92,mf_random,1,-9.599948,-9.599948501586914,58173.6,0.49693002513080387,4,11,10
93,mf_random,1,-9.604398,-9.599948501586914,63245.799999999996,0.4965635919821126,4,12,10
94,mf_random,1,-9.754501,-9.649717235565186,68238.79999999999,0.4937104639273716,4,13,10
95,mf_random,1,-9.907918,-9.804869651794434,72518.99999999999,0.49397248345524203,4,14,10
96,mf_random,1,-9.907918,-9.804869651794434,77729.79999999999,0.49397248345524203,4,15,10
97,mf_random,1,-10.30625,-10.173320388793945,82762.4,0.5097109255326718,5,16,10
98,mf_random,1,-10.30625,-10.181441020965575,86943.59999999999,0.5097109255326718,5,17,10
99,mf_random,1,-10.660095,-10.569463157653809,87758.79999999999,0.5064158185268243,5,18,10
100,mf_random,1,-10.727732,-10.624425029754638,91543.99999999999,0.503641027606872,5,19,10
101,mf_random,1,-10.727732,-10.63893918991089,95962.79999999999,0.503641027606872,5,20,10
102,mf_random,1,-10.727732,-10.63893918991089,100836.99999999999,0.503641027606872,5,21,10
103,mf_random,1,-10.727732,-10.659064769744873,105651.79999999999,0.503641027606872,5,22,10
104,mf_random,1,-10.727732,-10.659064769744873,109476.59999999999,0.503641027606872,5,23,10
105,mf_random,1,-10.946744,-10.908579921722412,114627.99999999999,0.5025014055801531,5,24,10
106,mf_random,1,-10.946744,-10.908579921722412,119680.39999999998,0.5025014055801531,5,25,10
107,mf_random,1,-10.946744,-10.908579921722412,124356.59999999998,0.5025014055801531,5,26,10
108,mf_random,1,-10.946744,-10.908579921722412,128715.99999999997,0.5025014055801531,5,27,10
109,mf_random,1,-10.946744,-10.908579921722412,133689.19999999998,0.5025014055801531,5,28,10
110,mf_random,1,-10.946744,-10.908579921722412,138781.19999999998,0.5025014055801531,5,29,10
111,mf_random,1,-10.946744,-10.908579921722412,142803.99999999997,0.5025014055801531,5,30,10
112,mf_random,1,-10.977386,-10.908579921722412,148192.99999999997,0.5078352548252928,5,31,10
113,mf_random,1,-10.987963,-10.957318210601807,153284.99999999997,0.5010735517732672,4,32,10
114,mf_random,1,-10.987963,-10.957318210601807,158396.79999999996,0.5010735517732672,4,33,10
115,mf_random,1,-10.987963,-10.957318210601807,162835.39999999997,0.5010735517732672,4,34,10
116,mf_random,1,-11.082902,-11.062533187866212,167392.79999999996,0.49795224679123457,4,35,10
117,mf_random,1,-6.308459,-6.008260269165039,5309.799999999999,0.4616781197505655,11,0,50
118,mf_random,1,-6.8381324,-6.324056758880615,10322.599999999999,0.47654502037007973,9,1,50
119,mf_random,1,-7.0403304,-6.502299671173096,14959.199999999999,0.4760520438084368,9,2,50
120,mf_random,1,-7.396256,-6.912669019699097,20328.399999999998,0.47923414166961154,7,3,50
121,mf_random,1,-7.6532497,-7.238751487731934,25182.799999999996,0.4794632324343382,6,4,50
122,mf_random,1,-7.7741103,-7.346810531616211,29898.599999999995,0.48368862788555705,8,5,50
123,mf_random,1,-7.96902,-7.605467128753662,35148.99999999999,0.4820773122832287,8,6,50
124,mf_random,1,-7.9997187,-7.609194669723511,39864.799999999996,0.4835829690914065,7,7,50
125,mf_random,1,-8.239238,-7.828384819030762,44818.2,0.4845021475034211,8,8,50
126,mf_random,1,-8.371951,-8.01955457687378,48999.399999999994,0.4870797351034756,10,9,50
127,mf_random,1,-8.4467125,-8.165740814208984,53853.799999999996,0.48985364228611866,9,10,50
128,mf_random,1,-8.465349,-8.181019496917724,58173.6,0.4908173855142219,9,11,50
129,mf_random,1,-8.519857,-8.20447558403015,63245.799999999996,0.4914689212943025,10,12,50
130,mf_random,1,-8.598004,-8.244051294326782,68238.79999999999,0.4913450883452062,11,13,50
131,mf_random,1,-8.741258,-8.331060028076172,72518.99999999999,0.4939485620476467,11,14,50
132,mf_random,1,-8.748076,-8.352564601898193,77729.79999999999,0.4933213847230815,11,15,50
133,mf_random,1,-8.901993,-8.537405881881714,82762.4,0.49331514693622847,12,16,50
134,mf_random,1,-8.994046,-8.604122142791748,86943.59999999999,0.49178552510687057,12,17,50
135,mf_random,1,-9.137088,-8.748690767288208,87758.79999999999,0.49414164484266043,12,18,50
136,mf_random,1,-9.201156,-8.7798375415802,91543.99999999999,0.4933759694856535,12,19,50
137,mf_random,1,-9.268006,-8.842366762161255,95962.79999999999,0.48954257311320587,12,20,50
138,mf_random,1,-9.268006,-8.852422189712524,100836.99999999999,0.48954257311320587,12,21,50
139,mf_random,1,-9.297405,-8.894052038192749,105651.79999999999,0.48671783914438316,12,22,50
140,mf_random,1,-9.325014,-8.930363826751709,109476.59999999999,0.48781241918491386,13,23,50
141,mf_random,1,-9.40006,-9.023013591766357,114627.99999999999,0.4885615138981354,13,24,50
142,mf_random,1,-9.431622,-9.064258222579957,119680.39999999998,0.48902432414538693,14,25,50
143,mf_random,1,-9.502301,-9.070520324707031,124356.59999999998,0.4882101530570768,15,26,50
144,mf_random,1,-9.502301,-9.086491136550903,128715.99999999997,0.4882101530570768,15,27,50
145,mf_random,1,-9.524527,-9.103736934661866,133689.19999999998,0.48929046320722647,14,28,50
146,mf_random,1,-9.543048,-9.119916715621947,138781.19999999998,0.4866290454497099,14,29,50
147,mf_random,1,-9.543048,-9.120236368179322,142803.99999999997,0.4866290454497099,14,30,50
148,mf_random,1,-9.582604,-9.130717849731445,148192.99999999997,0.48812003047033065,15,31,50
149,mf_random,1,-9.655695,-9.214763479232788,153284.99999999997,0.4900680951750273,12,32,50
150,mf_random,1,-9.66044,-9.214763479232788,158396.79999999996,0.49041569839874183,12,33,50
151,mf_random,1,-9.66044,-9.214763479232788,162835.39999999997,0.49041569839874183,12,34,50
152,mf_random,1,-9.711191,-9.249475202560426,167392.79999999996,0.4929725005007131,12,35,50
153,mf_random,1,-5.5017543,-4.865330555438995,5309.799999999999,0.4645905847738192,11,0,100
154,mf_random,1,-6.040477,-5.257610020637512,10322.599999999999,0.4659065941044997,13,1,100
155,mf_random,1,-6.288119,-5.5351069021224975,14959.199999999999,0.4658286957281823,13,2,100
156,mf_random,1,-6.7218733,-5.965908708572388,20328.399999999998,0.473328804121599,16,3,100
157,mf_random,1,-6.9666843,-6.2776515626907345,25182.799999999996,0.4698715831466434,14,4,100
158,mf_random,1,-7.1551147,-6.4444507169723515,29898.599999999995,0.47673538547837807,15,5,100
159,mf_random,1,-7.3418465,-6.663283042907715,35148.99999999999,0.4792785656300693,14,6,100
160,mf_random,1,-7.3949914,-6.713983912467956,39864.799999999996,0.48036041797093865,17,7,100
161,mf_random,1,-7.6578064,-6.9082725763320925,44818.2,0.478550393243589,15,8,100
162,mf_random,1,-7.810257,-7.044153552055359,48999.399999999994,0.47954502511607827,14,9,100
163,mf_random,1,-7.91171,-7.171009550094604,53853.799999999996,0.4793989227725188,12,10,100
164,mf_random,1,-7.9450097,-7.212280855178833,58173.6,0.47937908284385256,13,11,100
165,mf_random,1,-7.9977527,-7.269676809310913,63245.799999999996,0.4787697884449464,13,12,100
166,mf_random,1,-8.063627,-7.327159762382507,68238.79999999999,0.47676894520092966,13,13,100
167,mf_random,1,-8.177891,-7.433797812461853,72518.99999999999,0.47832644310675804,14,14,100
168,mf_random,1,-8.189773,-7.48500018119812,77729.79999999999,0.4792378674180994,15,15,100
169,mf_random,1,-8.2849865,-7.608999009132385,82762.4,0.48098687145286056,16,16,100
170,mf_random,1,-8.371973,-7.699629697799683,86943.59999999999,0.4817990870302472,14,17,100
171,mf_random,1,-8.489376,-7.80063069820404,87758.79999999999,0.48247713482792354,14,18,100
172,mf_random,1,-8.541418,-7.858439421653747,91543.99999999999,0.48140299119085045,14,19,100
173,mf_random,1,-8.609369,-7.9192368602752685,95962.79999999999,0.48187370087879233,15,20,100
174,mf_random,1,-8.614162,-7.955771389007569,100836.99999999999,0.4814204346263612,15,21,100
175,mf_random,1,-8.634915,-7.989904165267944,105651.79999999999,0.4811442911334312,14,22,100
176,mf_random,1,-8.682445,-8.019008684158326,109476.59999999999,0.4830703633189762,15,23,100
177,mf_random,1,-8.731019,-8.061193099021912,114627.99999999999,0.48385525909516197,16,24,100
178,mf_random,1,-8.77551,-8.117383031845092,119680.39999999998,0.4856601995076878,17,25,100
179,mf_random,1,-8.866748,-8.115373468399047,124356.59999999998,0.48940192129407745,18,26,100
180,mf_random,1,-8.885151,-8.159287405014037,128715.99999999997,0.4881850402463951,17,27,100
181,mf_random,1,-8.912871,-8.180298972129822,133689.19999999998,0.4871022316397863,18,28,100
182,mf_random,1,-8.943015,-8.211795406341553,138781.19999999998,0.4849982900990225,17,29,100
183,mf_random,1,-8.95036,-8.224160861968993,142803.99999999997,0.48494691255865685,17,30,100
184,mf_random,1,-8.985587,-8.244390268325805,148192.99999999997,0.48495012604932974,16,31,100
185,mf_random,1,-9.047967,-8.320461711883546,153284.99999999997,0.48825662098612393,16,32,100
186,mf_random,1,-9.056467,-8.320461711883546,158396.79999999996,0.48906414900044,16,33,100
187,mf_random,1,-9.056467,-8.323125944137573,162835.39999999997,0.48906414900044,16,34,100
188,mf_random,1,-9.104449,-8.355474634170532,167392.79999999996,0.49121709831308685,16,35,100
189,mf_random,1,-4.560152,-3.041310719847679,5309.799999999999,0.4566733257867649,24,0,200
190,mf_random,1,-5.201268,-3.8592575752735137,10322.599999999999,0.4626898490211528,20,1,200
191,mf_random,1,-5.510239,-4.316738095283508,14959.199999999999,0.46234113307394104,18,2,200
192,mf_random,1,-5.9459925,-4.738819333314896,20328.399999999998,0.4643127055070798,19,3,200
193,mf_random,1,-6.2044444,-4.985343780517578,25182.799999999996,0.4648360201907596,17,4,200
194,mf_random,1,-6.4202895,-5.1894333302974704,29898.599999999995,0.46812253146810306,19,5,200
195,mf_random,1,-6.5957594,-5.443554908037186,35148.99999999999,0.4701240876621233,20,6,200
196,mf_random,1,-6.6962056,-5.547242685556411,39864.799999999996,0.4707873497494671,22,7,200
197,mf_random,1,-6.9480395,-5.72650609254837,44818.2,0.473120521781617,27,8,200
198,mf_random,1,-7.096298,-5.795193810462951,48999.399999999994,0.47566335038262525,18,9,200
199,mf_random,1,-7.2203274,-5.949956448078155,53853.799999999996,0.4767952836805888,23,10,200
200,mf_random,1,-7.285189,-6.033330919742585,58173.6,0.47693179646316086,19,11,200
201,mf_random,1,-7.334714,-6.084564075469971,63245.799999999996,0.47715921684724083,21,12,200
202,mf_random,1,-7.400026,-6.129268074035645,68238.79999999999,0.47748111650039954,20,13,200
203,mf_random,1,-7.5090904,-6.211715910434723,72518.99999999999,0.4765019714086202,18,14,200
204,mf_random,1,-7.529788,-6.2646856784820555,77729.79999999999,0.4760672417968395,18,15,200
205,mf_random,1,-7.6028576,-6.360599324703217,82762.4,0.4774254797738243,23,16,200
206,mf_random,1,-7.705503,-6.476299252510071,86943.59999999999,0.4758226650791694,20,17,200
207,mf_random,1,-7.8075233,-6.555319218635559,87758.79999999999,0.4759824473152884,24,18,200
208,mf_random,1,-7.8671203,-6.605813312530517,91543.99999999999,0.47460989828447125,21,19,200
209,mf_random,1,-7.9425535,-6.650772566795349,95962.79999999999,0.47613189444889686,22,20,200
210,mf_random,1,-7.9584618,-6.687973430156708,100836.99999999999,0.47604562067070166,24,21,200
211,mf_random,1,-7.9725246,-6.7287323808670045,105651.79999999999,0.4757618533605441,21,22,200
212,mf_random,1,-8.034036,-6.781522383689881,109476.59999999999,0.4749420640263853,23,23,200
213,mf_random,1,-8.070826,-6.8190168762207035,114627.99999999999,0.47470688008712214,20,24,200
214,mf_random,1,-8.122654,-6.884360296726227,119680.39999999998,0.47523325722526205,21,25,200
215,mf_random,1,-8.213279,-6.913929121494293,124356.59999999998,0.47592145072128156,21,26,200
216,mf_random,1,-8.247641,-6.9523436236381535,128715.99999999997,0.47790498011195154,23,27,200
217,mf_random,1,-8.275013,-6.984616405963898,133689.19999999998,0.47829654158121976,22,28,200
218,mf_random,1,-8.307871,-7.027069063186645,138781.19999999998,0.4779216146582027,22,29,200
219,mf_random,1,-8.3270645,-7.039804420471191,142803.99999999997,0.47802575180777745,24,30,200
220,mf_random,1,-8.357508,-7.062758746147156,148192.99999999997,0.47822977978511505,22,31,200
221,mf_random,1,-8.407292,-7.1399211597442624,153284.99999999997,0.4779621292619901,22,32,200
222,mf_random,1,-8.417827,-7.14599793434143,158396.79999999996,0.4787113522746966,21,33,200
223,mf_random,1,-8.418064,-7.160481758117676,162835.39999999997,0.4788887010917162,21,34,200
224,mf_random,1,-8.477829,-7.187760157585144,167392.79999999996,0.47889571633379924,22,35,200
225,mf_random,2,-9.430489,,5626.6,,,0,1
226,mf_random,2,-9.8367195,,10164.2,,,1,1
227,mf_random,2,-12.020086,,14503.800000000001,,,2,1
228,mf_random,2,-12.020086,,18803.800000000003,,,3,1
229,mf_random,2,-12.020086,,22806.800000000003,,,4,1
230,mf_random,2,-12.020086,,27027.600000000002,,,5,1
231,mf_random,2,-12.020086,,32436.4,,,6,1
232,mf_random,2,-12.020086,,37667.0,,,7,1
233,mf_random,2,-12.020086,,42620.4,,,8,1
234,mf_random,2,-12.020086,,47514.4,,,9,1
235,mf_random,2,-12.020086,,52210.4,,,10,1
236,mf_random,2,-12.020086,,57322.200000000004,,,11,1
237,mf_random,2,-12.238656,,62275.600000000006,,,12,1
238,mf_random,2,-12.238656,,67506.20000000001,,,13,1
239,mf_random,2,-12.238656,,72459.6,,,14,1
240,mf_random,2,-12.238656,,77254.6,,,15,1
241,mf_random,2,-12.238656,,82109.0,,,16,1
242,mf_random,2,-12.238656,,87121.8,,,17,1
243,mf_random,2,-12.238656,,92629.6,,,18,1
244,mf_random,2,-12.238656,,98038.40000000001,,,19,1
245,mf_random,2,-12.238656,,103170.00000000001,,,20,1
246,mf_random,2,-12.238656,,108004.60000000002,,,21,1
247,mf_random,2,-12.238656,,112977.80000000002,,,22,1
248,mf_random,2,-7.749167,-7.749166584014892,5626.6,0.4864928101160353,2,0,10
249,mf_random,2,-8.354129,-8.235757780075073,10164.2,0.49394110272169234,1,1,10
250,mf_random,2,-8.903551,-8.867337322235107,14503.800000000001,0.48701899995175213,3,2,10
251,mf_random,2,-9.069941,-9.066598320007325,18803.800000000003,0.4620255128770309,3,3,10
252,mf_random,2,-9.752876,-9.638071537017822,22806.800000000003,0.47102705967613057,4,4,10
253,mf_random,2,-10.10268,-9.914695453643798,27027.600000000002,0.5106408646873543,4,5,10
254,mf_random,2,-10.18837,-9.914695453643798,32436.4,0.5172672087733757,4,6,10
255,mf_random,2,-10.18837,-9.9530743598938,37667.0,0.5172672087733757,4,7,10
256,mf_random,2,-10.18837,-9.9530743598938,42620.4,0.5172672087733757,4,8,10
257,mf_random,2,-10.243667,-10.052735328674316,47514.4,0.505018192679483,4,9,10
258,mf_random,2,-10.319325,-10.171618175506591,52210.4,0.49242953730856953,4,10,10
259,mf_random,2,-10.330703,-10.214606094360352,57322.200000000004,0.4857300152058216,3,11,10
260,mf_random,2,-10.711138,-10.582252693176269,62275.600000000006,0.5036404366243076,4,12,10
261,mf_random,2,-10.711138,-10.582252693176269,67506.20000000001,0.5036404366243076,4,13,10
262,mf_random,2,-10.711138,-10.582252693176269,72459.6,0.5036404366243076,4,14,10
263,mf_random,2,-10.83558,-10.716959857940674,77254.6,0.5044506896926252,2,15,10
264,mf_random,2,-10.83558,-10.716959857940674,82109.0,0.5044506896926252,2,16,10
265,mf_random,2,-10.83558,-10.716959857940674,87121.8,0.5044506896926252,2,17,10
266,mf_random,2,-10.83558,-10.716959857940674,92629.6,0.5044506896926252,2,18,10
267,mf_random,2,-10.83558,-10.716959857940674,98038.40000000001,0.5044506896926252,2,19,10
268,mf_random,2,-10.8611555,-10.716959857940674,103170.00000000001,0.5123264907135875,2,20,10
269,mf_random,2,-10.8611555,-10.716959857940674,108004.60000000002,0.5123264907135875,2,21,10
270,mf_random,2,-10.868849,-10.779176807403564,112977.80000000002,0.5075149183166261,3,22,10
271,mf_random,2,-6.1093636,-5.6917304515838625,5626.6,0.469280145515294,10,0,50
272,mf_random,2,-6.8943596,-6.449144248962402,10164.2,0.4726867156870982,12,1,50
273,mf_random,2,-7.3981733,-6.976657428741455,14503.800000000001,0.47252523931867363,11,2,50
274,mf_random,2,-7.582347,-7.240353345870972,18803.800000000003,0.47195592241924,10,3,50
275,mf_random,2,-8.08222,-7.606985054016113,22806.800000000003,0.4785765611504414,10,4,50
276,mf_random,2,-8.357662,-7.861225681304932,27027.600000000002,0.4802566562877553,9,5,50
277,mf_random,2,-8.470395,-7.946380138397217,32436.4,0.48411962069689846,10,6,50
278,mf_random,2,-8.534368,-8.054787607192994,37667.0,0.47948848826617313,10,7,50
279,mf_random,2,-8.590128,-8.149477634429932,42620.4,0.47640948472623956,8,8,50
280,mf_random,2,-8.656517,-8.204551334381103,47514.4,0.47602801659646576,7,9,50
281,mf_random,2,-8.741518,-8.335002508163452,52210.4,0.475569293647858,8,10,50
282,mf_random,2,-8.779438,-8.382339191436767,57322.200000000004,0.47393514242441986,8,11,50
283,mf_random,2,-8.926705,-8.50058024406433,62275.600000000006,0.4761268459321669,10,12,50
284,mf_random,2,-8.938571,-8.51470139503479,67506.20000000001,0.47546165760989695,9,13,50
285,mf_random,2,-8.980216,-8.579879293441772,72459.6,0.4764846219377051,10,14,50
286,mf_random,2,-9.109171,-8.693783378601074,77254.6,0.4766876918327246,9,15,50
287,mf_random,2,-9.145228,-8.693783378601074,82109.0,0.4762849019878959,10,16,50
288,mf_random,2,-9.154702,-8.707779188156128,87121.8,0.4762982110732856,10,17,50
289,mf_random,2,-9.164703,-8.72880846977234,92629.6,0.4742711966270986,10,18,50
290,mf_random,2,-9.201491,-8.754033126831054,98038.40000000001,0.47495964331733304,10,19,50
291,mf_random,2,-9.281146,-8.749043226242065,103170.00000000001,0.47475747090220455,10,20,50
292,mf_random,2,-9.281146,-8.749043226242065,108004.60000000002,0.47475747090220455,10,21,50
293,mf_random,2,-9.321511,-8.79853735923767,112977.80000000002,0.47379305888600765,10,22,50
294,mf_random,2,-5.225061,-4.462859570980072,5626.6,0.4591409611010371,15,0,100
295,mf_random,2,-6.122903,-5.3944053459167485,10164.2,0.46802689032040273,17,1,100
296,mf_random,2,-6.6389174,-5.8559255695343015,14503.800000000001,0.470621879483164,14,2,100
297,mf_random,2,-6.8693776,-6.174233617782593,18803.800000000003,0.4695792261169309,14,3,100
298,mf_random,2,-7.2937865,-6.539672746658325,22806.800000000003,0.47110080179469516,14,4,100
299,mf_random,2,-7.5472856,-6.817398219108582,27027.600000000002,0.47197011143036655,14,5,100
300,mf_random,2,-7.6902866,-6.853505005836487,32436.4,0.4761410879679789,11,6,100
301,mf_random,2,-7.7716413,-6.9507163667678835,37667.0,0.4742819614176774,16,7,100
302,mf_random,2,-7.881531,-7.090570721626282,42620.4,0.47518513038441157,13,8,100
303,mf_random,2,-7.9553313,-7.1457847261428835,47514.4,0.4760592487409413,14,9,100
304,mf_random,2,-8.05134,-7.255444107055664,52210.4,0.477882144197102,14,10,100
305,mf_random,2,-8.098423,-7.305046520233154,57322.200000000004,0.4776727200037727,14,11,100
306,mf_random,2,-8.221978,-7.3812576150894165,62275.600000000006,0.47935306075707623,15,12,100
307,mf_random,2,-8.239727,-7.40183657169342,67506.20000000001,0.4779130690687999,14,13,100
308,mf_random,2,-8.29311,-7.488532781600952,72459.6,0.47814493103272593,15,14,100
309,mf_random,2,-8.3996525,-7.5788714933395385,77254.6,0.47791996735446685,13,15,100
310,mf_random,2,-8.432212,-7.580425677299499,82109.0,0.4789566145744803,15,16,100
311,mf_random,2,-8.444263,-7.650252637863159,87121.8,0.4775600508695354,15,17,100
312,mf_random,2,-8.45939,-7.690245461463928,92629.6,0.47613600586591526,15,18,100
313,mf_random,2,-8.489011,-7.721920790672303,98038.40000000001,0.47553473621175174,14,19,100
314,mf_random,2,-8.555926,-7.736920566558838,103170.00000000001,0.47576563579382225,15,20,100
315,mf_random,2,-8.558826,-7.748113298416138,108004.60000000002,0.47589801886744865,15,21,100
316,mf_random,2,-8.584855,-7.798372144699097,112977.80000000002,0.4762544725773061,15,22,100
317,mf_random,2,-4.24074,-2.738713832497597,5626.6,0.4544299628254044,18,0,200
318,mf_random,2,-5.287816,-3.9911661314964295,10164.2,0.4637876809416551,13,1,200
319,mf_random,2,-5.7975745,-4.459807965755463,14503.800000000001,0.4664657509143904,19,2,200
320,mf_random,2,-6.103723,-4.846854979991913,18803.800000000003,0.4689826365849858,20,3,200
321,mf_random,2,-6.487251,-5.244967842102051,22806.800000000003,0.46968433608133664,21,4,200
322,mf_random,2,-6.727726,-5.4213411688804625,27027.600000000002,0.46868063787955416,22,5,200
323,mf_random,2,-6.8851295,-5.467298468351364,32436.4,0.46979342536389285,22,6,200
324,mf_random,2,-6.968153,-5.570147495269776,37667.0,0.4692507908693673,23,7,200
325,mf_random,2,-7.0870166,-5.734805895090103,42620.4,0.4699415034285924,21,8,200
326,mf_random,2,-7.171583,-5.802715048789978,47514.4,0.4695454268289017,19,9,200
327,mf_random,2,-7.283225,-5.90912234544754,52210.4,0.4725289035216141,20,10,200
328,mf_random,2,-7.3298903,-5.995188232660293,57322.200000000004,0.4728522035348317,16,11,200
329,mf_random,2,-7.4455385,-6.088259084224701,62275.600000000006,0.4723839298387865,20,12,200
330,mf_random,2,-7.467967,-6.141035289764404,67506.20000000001,0.47176200708980415,19,13,200
331,mf_random,2,-7.524307,-6.246390366554261,72459.6,0.4703625229186995,21,14,200
332,mf_random,2,-7.6226373,-6.345906574726104,77254.6,0.46982522859731646,20,15,200
333,mf_random,2,-7.668988,-6.354778060913086,82109.0,0.4710309195631272,16,16,200
334,mf_random,2,-7.6999516,-6.426278467178345,87121.8,0.4709734305392013,20,17,200
335,mf_random,2,-7.726034,-6.463685581684112,92629.6,0.4704789942032559,22,18,200
336,mf_random,2,-7.763179,-6.511073229312896,98038.40000000001,0.4705711197868255,22,19,200
337,mf_random,2,-7.826928,-6.543600432872772,103170.00000000001,0.4704624609685387,20,20,200
338,mf_random,2,-7.8435884,-6.556526410579681,108004.60000000002,0.471346511102065,20,21,200
339,mf_random,2,-7.870432,-6.599748682975769,112977.80000000002,0.47050579882696797,22,22,200
340,random_fid_gfn,1,-15.613293,,102.40000000000002,,,0,1
341,random_fid_gfn,1,-15.613293,,7253.6,,,1,1
342,random_fid_gfn,1,-15.613293,,7969.8,,,2,1
343,random_fid_gfn,1,-15.613293,,8072.2,,,3,1
344,random_fid_gfn,1,-15.613293,,8174.599999999999,,,4,1
345,random_fid_gfn,1,-15.613293,,18414.6,,,5,1
346,random_fid_gfn,1,-15.613293,,18517.0,,,6,1
347,random_fid_gfn,1,-15.613293,,18619.4,,,7,1
348,random_fid_gfn,1,-15.613293,,18721.800000000003,,,8,1
349,random_fid_gfn,1,-15.613293,,23992.000000000004,,,9,1
350,random_fid_gfn,1,-18.120846,,24094.400000000005,,,10,1
351,random_fid_gfn,1,-18.352222,,24196.800000000007,,,11,1
352,random_fid_gfn,1,-18.352222,,29665.000000000007,,,12,1
353,random_fid_gfn,1,-18.352222,,34935.200000000004,,,13,1
354,random_fid_gfn,1,-18.352222,,40165.8,,,14,1
355,random_fid_gfn,1,-18.577614,,45059.8,,,15,1
356,random_fid_gfn,1,-18.577614,,50171.600000000006,,,16,1
357,random_fid_gfn,1,-11.674683,-11.397426509857178,102.40000000000002,0.540451422830455,5,0,10
358,random_fid_gfn,1,-12.250675,-11.831665420532227,7253.6,0.5335255201787459,3,1,10
359,random_fid_gfn,1,-12.82902,-12.062600421905518,7969.8,0.5327223924985326,5,2,10
360,random_fid_gfn,1,-12.82902,-12.062600421905518,8072.2,0.5327223924985326,5,3,10
361,random_fid_gfn,1,-12.82902,-12.062600421905518,8174.599999999999,0.5327223924985326,5,4,10
362,random_fid_gfn,1,-12.82902,-12.062600421905518,18414.6,0.5327223924985326,5,5,10
363,random_fid_gfn,1,-12.82902,-12.062600421905518,18517.0,0.5327223924985326,5,6,10
364,random_fid_gfn,1,-12.82902,-12.062600421905518,18619.4,0.5327223924985326,5,7,10
365,random_fid_gfn,1,-14.1372175,-12.484294509887695,18721.800000000003,0.6149509041096917,5,8,10
366,random_fid_gfn,1,-14.1372175,-12.484294509887695,23992.000000000004,0.6149509041096917,5,9,10
367,random_fid_gfn,1,-16.398182,-14.194701290130615,24094.400000000005,0.5969487702385367,6,10,10
368,random_fid_gfn,1,-17.267849,-13.650415515899658,24196.800000000007,0.6448867756167533,5,11,10
369,random_fid_gfn,1,-17.267849,-13.650415515899658,29665.000000000007,0.6448867756167533,5,12,10
370,random_fid_gfn,1,-17.267849,-13.650415515899658,34935.200000000004,0.6448867756167533,5,13,10
371,random_fid_gfn,1,-17.267849,-13.650415515899658,40165.8,0.6448867756167533,5,14,10
372,random_fid_gfn,1,-17.486115,-14.381524276733398,45059.8,0.6327198055827088,5,15,10
373,random_fid_gfn,1,-17.486115,-14.381524276733398,50171.600000000006,0.6327198055827088,5,16,10
374,random_fid_gfn,1,-9.648452,-6.318423147201538,102.40000000000002,0.5350605602482531,18,0,50
375,random_fid_gfn,1,-10.448099,-8.15095419883728,7253.6,0.5344817380659848,18,1,50
376,random_fid_gfn,1,-10.984144,-8.624713592529297,7969.8,0.539664731697397,19,2,50
377,random_fid_gfn,1,-10.984144,-8.667927017211914,8072.2,0.539664731697397,19,3,50
378,random_fid_gfn,1,-10.984144,-8.667927017211914,8174.599999999999,0.539664731697397,19,4,50
379,random_fid_gfn,1,-10.984144,-8.667927017211914,18414.6,0.539664731697397,19,5,50
380,random_fid_gfn,1,-10.995807,-8.81433801651001,18517.0,0.538457324668885,19,6,50
381,random_fid_gfn,1,-10.995807,-8.865234270095826,18619.4,0.538457324668885,19,7,50
382,random_fid_gfn,1,-12.539041,-9.089160175323487,18721.800000000003,0.5958049175956588,28,8,50
383,random_fid_gfn,1,-12.539041,-9.097273817062378,23992.000000000004,0.5958049175956588,28,9,50
384,random_fid_gfn,1,-14.150788,-9.434087572097779,24094.400000000005,0.6149909609250575,30,10,50
385,random_fid_gfn,1,-15.334984,-9.240063495635987,24196.800000000007,0.620806857422194,31,11,50
386,random_fid_gfn,1,-15.334984,-9.299736480712891,29665.000000000007,0.620806857422194,31,12,50
387,random_fid_gfn,1,-15.334984,-9.389814319610595,34935.200000000004,0.620806857422194,31,13,50
388,random_fid_gfn,1,-15.334984,-9.467013778686523,40165.8,0.620806857422194,31,14,50
389,random_fid_gfn,1,-15.524906,-9.675364379882813,45059.8,0.6166188328935145,30,15,50
390,random_fid_gfn,1,-15.524906,-9.722053985595704,50171.600000000006,0.6166188328935145,30,16,50
391,random_fid_gfn,1,-8.666803,-3.159211573600769,102.40000000000002,0.5340199715101068,32,0,100
392,random_fid_gfn,1,-9.560166,-4.6009934425354,7253.6,0.5270538723682434,27,1,100
393,random_fid_gfn,1,-10.11758,-6.59698709487915,7969.8,0.5359817129611568,34,2,100
394,random_fid_gfn,1,-10.119519,-6.65841828584671,8072.2,0.5353623849091839,33,3,100
395,random_fid_gfn,1,-10.119519,-6.65841828584671,8174.599999999999,0.5353623849091839,33,4,100
396,random_fid_gfn,1,-10.119519,-6.65841828584671,18414.6,0.5353623849091839,33,5,100
397,random_fid_gfn,1,-10.142029,-6.899474778175354,18517.0,0.5331844014932785,32,6,100
398,random_fid_gfn,1,-10.145722,-6.973805513381958,18619.4,0.5304731587937883,31,7,100
399,random_fid_gfn,1,-11.660564,-7.083997502326965,18721.800000000003,0.5934200353949637,53,8,100
400,random_fid_gfn,1,-11.660564,-7.302463183403015,23992.000000000004,0.5934200353949637,53,9,100
401,random_fid_gfn,1,-13.357201,-7.598367471694946,24094.400000000005,0.6192090434362122,55,10,100
402,random_fid_gfn,1,-14.401248,-7.377322263717652,24196.800000000007,0.6201387302732916,59,11,100
403,random_fid_gfn,1,-14.401248,-7.491063394546509,29665.000000000007,0.6201387302732916,59,12,100
404,random_fid_gfn,1,-14.401248,-7.622003355026245,34935.200000000004,0.6201387302732916,59,13,100
405,random_fid_gfn,1,-14.401248,-7.700548124313355,40165.8,0.6201387302732916,59,14,100
406,random_fid_gfn,1,-14.599484,-7.795668330192566,45059.8,0.619197722504653,55,15,100
407,random_fid_gfn,1,-14.599484,-7.927815918922424,50171.600000000006,0.619197722504653,55,16,100
408,random_fid_gfn,1,-7.5830665,-1.5796057868003845,102.40000000000002,0.5298323936929249,51,0,200
409,random_fid_gfn,1,-8.63648,-2.3004967212677,7253.6,0.5259487731318303,48,1,200
410,random_fid_gfn,1,-9.153904,-3.6808899629116056,7969.8,0.5283285711870563,53,2,200
411,random_fid_gfn,1,-9.1680565,-3.8254357278347015,8072.2,0.5266377519566999,53,3,200
412,random_fid_gfn,1,-9.1680565,-3.87936693072319,8174.599999999999,0.5266377519566999,53,4,200
413,random_fid_gfn,1,-9.1680565,-3.9228263080120085,18414.6,0.5266377519566999,51,5,200
414,random_fid_gfn,1,-9.211508,-4.166401633024216,18517.0,0.5255344515074644,53,6,200
415,random_fid_gfn,1,-9.218542,-4.491693731546402,18619.4,0.5243056672147673,53,7,200
416,random_fid_gfn,1,-10.764229,-4.4105252373218535,18721.800000000003,0.5822845416797628,101,8,200
417,random_fid_gfn,1,-10.764229,-5.261973204612732,23992.000000000004,0.5822845416797628,101,9,200
418,random_fid_gfn,1,-12.4537525,-5.480417757034302,24094.400000000005,0.6142344356028152,103,10,200
419,random_fid_gfn,1,-13.4685135,-5.367932039499283,24196.800000000007,0.6187965791685924,112,11,200
420,random_fid_gfn,1,-13.4685135,-5.592583082914352,29665.000000000007,0.6187965791685924,112,12,200
421,random_fid_gfn,1,-13.4685135,-5.8374195528030395,34935.200000000004,0.6187965791685924,112,13,200
422,random_fid_gfn,1,-13.4685135,-5.919664855003357,40165.8,0.6187965791685924,112,14,200
423,random_fid_gfn,1,-13.679826,-5.904267181158065,45059.8,0.6186098227131516,106,15,200
424,random_fid_gfn,1,-13.679826,-6.137687164545059,50171.600000000006,0.6186098227131516,106,16,200
425,random_fid_gfn,2,-10.467209,,102.40000000000002,,,0,1
426,random_fid_gfn,2,-14.08873,,2382.7999999999997,,,1,1
427,random_fid_gfn,2,-14.08873,,2485.2,,,2,1
428,random_fid_gfn,2,-14.08873,,7260.4,,,3,1
429,random_fid_gfn,2,-14.08873,,9501.199999999999,,,4,1
430,random_fid_gfn,2,-14.08873,,9603.599999999999,,,5,1
431,random_fid_gfn,2,-14.08873,,9705.999999999998,,,6,1
432,random_fid_gfn,2,-14.08873,,13273.399999999998,,,7,1
433,random_fid_gfn,2,-14.08873,,13831.199999999997,,,8,1
434,random_fid_gfn,2,-18.79149,,13933.599999999997,,,9,1
435,random_fid_gfn,2,-18.79149,,19263.199999999997,,,10,1
436,random_fid_gfn,2,-19.96873,,26869.799999999996,,,11,1
437,random_fid_gfn,2,-19.96873,,31664.799999999996,,,12,1
438,random_fid_gfn,2,-19.96873,,41904.799999999996,,,13,1
439,random_fid_gfn,2,-19.96873,,52144.799999999996,,,14,1
440,random_fid_gfn,2,-19.96873,,57078.399999999994,,,15,1
441,random_fid_gfn,2,-19.96873,,61932.799999999996,,,16,1
442,random_fid_gfn,2,-8.222116,-3.6818897008895872,102.40000000000002,0.6415367383512545,3,0,10
443,random_fid_gfn,2,-12.163576,-11.459525108337402,2382.7999999999997,0.5629206787938712,2,1,10
444,random_fid_gfn,2,-12.163576,-11.459525108337402,2485.2,0.5629206787938712,2,2,10
445,random_fid_gfn,2,-12.163576,-11.459525108337402,7260.4,0.5629206787938712,2,3,10
446,random_fid_gfn,2,-12.426102,-11.908520126342774,9501.199999999999,0.5597196520263816,3,4,10
447,random_fid_gfn,2,-12.426102,-11.908520126342774,9603.599999999999,0.5597196520263816,3,5,10
448,random_fid_gfn,2,-12.676738,-12.291483879089355,9705.999999999998,0.5425010580405463,2,6,10
449,random_fid_gfn,2,-12.772547,-12.291483879089355,13273.399999999998,0.5358194570847518,2,7,10
450,random_fid_gfn,2,-13.220797,-12.681868267059325,13831.199999999997,0.5360607737718743,3,8,10
451,random_fid_gfn,2,-16.738325,-13.430500698089599,13933.599999999997,0.6548118981809193,4,9,10
452,random_fid_gfn,2,-16.738325,-13.461349391937256,19263.199999999997,0.6548118981809193,4,10,10
453,random_fid_gfn,2,-18.296549,-13.593916702270509,26869.799999999996,0.6763680838792073,7,11,10
454,random_fid_gfn,2,-18.296549,-13.593916702270509,31664.799999999996,0.6763680838792073,7,12,10
455,random_fid_gfn,2,-18.827814,-13.7224609375,41904.799999999996,0.6856330780927554,6,13,10
456,random_fid_gfn,2,-18.854616,-13.7224609375,52144.799999999996,0.6837737590963398,6,14,10
457,random_fid_gfn,2,-18.854616,-13.7224609375,57078.399999999994,0.6837737590963398,6,15,10
458,random_fid_gfn,2,-18.854616,-13.7224609375,61932.799999999996,0.6837737590963398,6,16,10
459,random_fid_gfn,2,-6.394397,-0.7363779401779175,102.40000000000002,0.6289048091984291,18,0,50
460,random_fid_gfn,2,-10.225429,-5.590068640708924,2382.7999999999997,0.553822494104615,14,1,50
461,random_fid_gfn,2,-10.225429,-5.604909374713897,2485.2,0.553822494104615,14,2,50
462,random_fid_gfn,2,-10.225429,-6.098615343570709,7260.4,0.553822494104615,14,3,50
463,random_fid_gfn,2,-10.548711,-8.38802300453186,9501.199999999999,0.5416530926500297,15,4,50
464,random_fid_gfn,2,-10.548711,-8.396582794189452,9603.599999999999,0.5416530926500297,15,5,50
465,random_fid_gfn,2,-10.776399,-8.422886438369751,9705.999999999998,0.5427396700341145,14,6,50
466,random_fid_gfn,2,-10.97652,-8.496251974105835,13273.399999999998,0.5538544097947747,11,7,50
467,random_fid_gfn,2,-11.404771,-9.209357652664185,13831.199999999997,0.5379500382098147,15,8,50
468,random_fid_gfn,2,-14.745174,-9.25644733428955,13933.599999999997,0.6399763224634581,25,9,50
469,random_fid_gfn,2,-14.745174,-9.420725746154785,19263.199999999997,0.6399763224634581,25,10,50
470,random_fid_gfn,2,-16.60568,-9.596378908157348,26869.799999999996,0.6778405167940946,30,11,50
471,random_fid_gfn,2,-16.60568,-9.71861520767212,31664.799999999996,0.6778405167940946,30,12,50
472,random_fid_gfn,2,-17.183928,-9.714734954833984,41904.799999999996,0.6831552160713759,32,13,50
473,random_fid_gfn,2,-17.237635,-9.714734954833984,52144.799999999996,0.6812585393199796,33,14,50
474,random_fid_gfn,2,-17.237635,-9.802948389053345,57078.399999999994,0.6812585393199796,33,15,50
475,random_fid_gfn,2,-17.237635,-9.805623102188111,61932.799999999996,0.6812585393199796,33,16,50
476,random_fid_gfn,2,-5.612322,-0.36818897008895873,102.40000000000002,0.6249727783782237,37,0,100
477,random_fid_gfn,2,-9.391286,-2.795034320354462,2382.7999999999997,0.5503330434177631,24,1,100
478,random_fid_gfn,2,-9.391286,-2.8024546873569487,2485.2,0.5503330434177631,24,2,100
479,random_fid_gfn,2,-9.391286,-3.073738466501236,7260.4,0.5503330434177631,24,3,100
480,random_fid_gfn,2,-9.732998,-4.851318715810776,9501.199999999999,0.5368199838214508,23,4,100
481,random_fid_gfn,2,-9.732998,-5.100996986627579,9603.599999999999,0.5368199838214508,23,5,100
482,random_fid_gfn,2,-9.930578,-5.186284474134445,9705.999999999998,0.5362351690342892,25,6,100
483,random_fid_gfn,2,-10.121355,-5.093321753740311,13273.399999999998,0.5369946356031418,29,7,100
484,random_fid_gfn,2,-10.549873,-6.112853556871414,13831.199999999997,0.5296203897702005,30,8,100
485,random_fid_gfn,2,-13.796748,-6.276687971353531,13933.599999999997,0.6371419133350253,57,9,100
486,random_fid_gfn,2,-13.796748,-7.2010537981987,19263.199999999997,0.6371419133350253,57,10,100
487,random_fid_gfn,2,-15.703712,-7.510873084068298,26869.799999999996,0.6743436630903313,56,11,100
488,random_fid_gfn,2,-15.703712,-7.762939143180847,31664.799999999996,0.6743436630903313,56,12,100
489,random_fid_gfn,2,-16.290455,-7.667970485687256,41904.799999999996,0.6801555182055805,61,13,100
490,random_fid_gfn,2,-16.378603,-7.667970485687256,52144.799999999996,0.6745566978058063,63,14,100
491,random_fid_gfn,2,-16.378603,-7.866928586959839,57078.399999999994,0.6745566978058063,63,15,100
492,random_fid_gfn,2,-16.378603,-7.923023285865784,61932.799999999996,0.6745566978058063,63,16,100
493,random_fid_gfn,2,-4.750943,-0.18409448504447937,102.40000000000002,0.6235038801260052,76,0,200
494,random_fid_gfn,2,-8.4981165,-1.397517160177231,2382.7999999999997,0.5440311693747428,58,1,200
495,random_fid_gfn,2,-8.4981165,-1.4012273436784743,2485.2,0.5440311693747428,57,2,200
496,random_fid_gfn,2,-8.4981165,-1.536869233250618,7260.4,0.5440311693747428,58,3,200
497,random_fid_gfn,2,-8.927146,-2.425659357905388,9501.199999999999,0.5335299061896779,44,4,200
498,random_fid_gfn,2,-8.927146,-2.5504984933137895,9603.599999999999,0.5335299061896779,42,5,200
499,random_fid_gfn,2,-9.113295,-2.5931422370672226,9705.999999999998,0.5332347130358235,43,6,200
500,random_fid_gfn,2,-9.337934,-2.5466608768701553,13273.399999999998,0.534582867069034,57,7,200
501,random_fid_gfn,2,-9.7036705,-3.0612887173891066,13831.199999999997,0.5290697854079923,51,8,200
502,random_fid_gfn,2,-12.751803,-3.150128683447838,13933.599999999997,0.6328786935091657,115,9,200
503,random_fid_gfn,2,-12.751803,-4.936046104431153,19263.199999999997,0.6328786935091657,114,10,200
504,random_fid_gfn,2,-14.688794,-5.139775805473327,26869.799999999996,0.665118885316039,128,11,200
505,random_fid_gfn,2,-14.688794,-5.663099910020828,31664.799999999996,0.665118885316039,128,12,200
506,random_fid_gfn,2,-15.377227,-5.498906011581421,41904.799999999996,0.6783366912914612,129,13,200
507,random_fid_gfn,2,-15.492864,-5.498906011581421,52144.799999999996,0.6753405501140034,126,14,200
508,random_fid_gfn,2,-15.492864,-5.779966893196106,57078.399999999994,0.6753415494287589,126,15,200
509,random_fid_gfn,2,-15.492864,-5.962413098812103,61932.799999999996,0.6753405501140034,126,16,200
510,mfppo,1,-7.5035534,,102.40000000000002,,,0,1
511,mfppo,1,-7.5035534,,10342.4,,,1,1
512,mfppo,1,-7.5035534,,20582.4,,,2,1
513,mfppo,1,-18.85454,,30822.4,,,3,1
514,mfppo,1,-6.8355546,-0.750355339050293,102.40000000000002,0.7760334528076462,7,0,10
515,mfppo,1,-6.8355546,-0.750355339050293,10342.4,0.7760334528076462,7,1,10
516,mfppo,1,-6.8355546,-2.488773965835571,20582.4,0.7760334528076462,7,2,10
517,mfppo,1,-17.985416,-7.443758916854859,30822.4,0.8842293906810034,9,3,10
518,mfppo,1,-5.9336677,-0.1500710678100586,102.40000000000002,0.768795246109365,36,0,50
519,mfppo,1,-5.9336677,-0.1500710678100586,10342.4,0.768795246109365,36,1,50
520,mfppo,1,-5.95226,-0.49775479316711424,20582.4,0.7638309540319314,36,2,50
521,mfppo,1,-16.447506,-1.7631316375732422,30822.4,0.8439008932827858,48,3,50
522,mfppo,1,-5.152767,-0.0750355339050293,102.40000000000002,0.766045791098115,77,0,100
523,mfppo,1,-5.152767,-0.0750355339050293,10342.4,0.766045791098115,77,1,100
524,mfppo,1,-5.194534,-0.24887739658355712,20582.4,0.7466569006284277,78,2,100
525,mfppo,1,-15.380138,-0.8815658187866211,30822.4,0.8039643382879933,98,3,100
526,mfppo,1,-4.2070904,-0.03751776695251465,102.40000000000002,0.763742962197554,158,0,200
527,mfppo,1,-4.2070904,-0.03751776695251465,10342.4,0.763742962197554,158,1,200
528,mfppo,1,-4.2909765,-0.12443869829177856,20582.4,0.7267882309493774,159,2,200
529,mfppo,1,-13.889434,-0.44078290939331055,30822.4,0.768365454058898,197,3,200
530,mfgfn,1,-17.142763,,102.40000000000002,,,0,1
531,mfgfn,1,-17.142763,,9471.199999999999,,,1,1
532,mfgfn,1,-17.142763,,9573.599999999999,,,2,1
533,mfgfn,1,-17.142763,,9675.999999999998,,,3,1
534,mfgfn,1,-18.123466,,9778.399999999998,,,4,1
535,mfgfn,1,-18.123466,,20018.399999999998,,,5,1
536,mfgfn,1,-18.123466,,26060.799999999996,,,6,1
537,mfgfn,1,-18.123466,,26163.199999999997,,,7,1
538,mfgfn,1,-19.675446,,26265.6,,,8,1
539,mfgfn,1,-19.675446,,31535.8,,,9,1
540,mfgfn,1,-19.675446,,36885.2,,,10,1
541,mfgfn,1,-19.675446,,36987.6,,,11,1
542,mfgfn,1,-19.675446,,42317.2,,,12,1
543,mfgfn,1,-19.675446,,47825.0,,,13,1
544,mfgfn,1,-19.675446,,52857.6,,,14,1
545,mfgfn,1,-20.20149,,58365.4,,,15,1
546,mfgfn,1,-20.20149,,63655.4,,,16,1
547,mfgfn,1,-14.922335,-13.367666625976563,102.40000000000002,0.5602007104568774,3,0,10
548,mfgfn,1,-14.922335,-13.637203311920166,9471.199999999999,0.5602007104568774,3,1,10
549,mfgfn,1,-15.083,-13.794350337982177,9573.599999999999,0.5453884752010938,3,2,10
550,mfgfn,1,-15.083,-13.794350337982177,9675.999999999998,0.5453884752010938,3,3,10
551,mfgfn,1,-15.709091,-14.378674793243409,9778.399999999998,0.5860535508964319,3,4,10
552,mfgfn,1,-15.709091,-14.378674793243409,20018.399999999998,0.5860535508964319,3,5,10
553,mfgfn,1,-15.709091,-14.378674793243409,26060.799999999996,0.5860535508964319,3,6,10
554,mfgfn,1,-15.709091,-14.378674793243409,26163.199999999997,0.5860535508964319,3,7,10
555,mfgfn,1,-17.160706,-14.265099620819091,26265.6,0.6106469262517649,3,8,10
556,mfgfn,1,-17.160706,-14.265099620819091,31535.8,0.6106469262517649,3,9,10
557,mfgfn,1,-17.160706,-14.278279685974121,36885.2,0.6106469262517649,3,10,10
558,mfgfn,1,-18.393963,-14.583367443084716,36987.6,0.6412635766264798,4,11,10
559,mfgfn,1,-18.393963,-14.583367443084716,42317.2,0.6412635766264798,4,12,10
560,mfgfn,1,-18.393963,-14.652925300598145,47825.0,0.6412635766264798,4,13,10
561,mfgfn,1,-18.393963,-14.652925300598145,52857.6,0.6412635766264798,4,14,10
562,mfgfn,1,-19.022255,-14.618833541870117,58365.4,0.6615874447103589,6,15,10
563,mfgfn,1,-19.022255,-14.618833541870117,63655.4,0.6615874447103589,6,16,10
564,mfgfn,1,-12.464228,-3.679107904434204,102.40000000000002,0.584271300544545,20,0,50
565,mfgfn,1,-12.522226,-7.966713228225708,9471.199999999999,0.5798459573361726,20,1,50
566,mfgfn,1,-12.627576,-9.060315055847168,9573.599999999999,0.575617743469981,19,2,50
567,mfgfn,1,-12.627576,-9.072413845062256,9675.999999999998,0.575617743469981,19,3,50
568,mfgfn,1,-13.708452,-8.994898471832276,9778.399999999998,0.5920439410931875,18,4,50
569,mfgfn,1,-13.708452,-9.031919193267822,20018.399999999998,0.5920439410931875,18,5,50
570,mfgfn,1,-13.708452,-9.15601676940918,26060.799999999996,0.5920439410931875,18,6,50
571,mfgfn,1,-13.708452,-9.15601676940918,26163.199999999997,0.5920439410931875,18,7,50
572,mfgfn,1,-15.020398,-9.117478761672974,26265.6,0.620980917468471,24,8,50
573,mfgfn,1,-15.020398,-9.216760053634644,31535.8,0.620980917468471,24,9,50
574,mfgfn,1,-15.020398,-9.34196120262146,36885.2,0.620980917468471,24,10,50
575,mfgfn,1,-16.668703,-9.291492290496826,36987.6,0.6711157538683966,30,11,50
576,mfgfn,1,-16.668703,-9.316411533355712,42317.2,0.6711157538683966,30,12,50
577,mfgfn,1,-16.668703,-9.404505071640015,47825.0,0.6711157538683966,30,13,50
578,mfgfn,1,-16.668703,-9.487479362487793,52857.6,0.6711157538683966,30,14,50
579,mfgfn,1,-17.59833,-9.516101751327515,58365.4,0.6776885671478189,36,15,50
580,mfgfn,1,-17.59833,-9.547931146621703,63655.4,0.6776885671478189,36,16,50
581,mfgfn,1,-11.379172,-1.839553952217102,102.40000000000002,0.5840160089981564,37,0,100
582,mfgfn,1,-11.488063,-4.246213824748993,9471.199999999999,0.574909927357105,39,1,100
583,mfgfn,1,-11.577236,-6.189006860256195,9573.599999999999,0.5711971925240984,38,2,100
584,mfgfn,1,-11.577236,-6.676666676998138,9675.999999999998,0.5711971925240984,38,3,100
585,mfgfn,1,-12.72835,-6.587030096054077,9778.399999999998,0.5864849226078429,39,4,100
586,mfgfn,1,-12.72835,-6.701448309421539,20018.399999999998,0.5864849226078429,39,5,100
587,mfgfn,1,-12.72835,-7.125685019493103,26060.799999999996,0.5864849226078429,39,6,100
588,mfgfn,1,-12.72835,-7.125685019493103,26163.199999999997,0.5864849226078429,39,7,100
589,mfgfn,1,-14.221271,-7.062899432182312,26265.6,0.6211077223900058,54,8,100
590,mfgfn,1,-14.221271,-7.226907386779785,31535.8,0.6211077223900058,54,9,100
591,mfgfn,1,-14.221271,-7.362528209686279,36885.2,0.6211077223900058,54,10,100
592,mfgfn,1,-15.8540945,-7.334907021522522,36987.6,0.6681266563555835,67,11,100
593,mfgfn,1,-15.8540945,-7.447616276741027,42317.2,0.6681266563555835,67,12,100
594,mfgfn,1,-15.8540945,-7.595248613357544,47825.0,0.6681266563555835,67,13,100
595,mfgfn,1,-15.8540945,-7.685581526756287,52857.6,0.6681266563555835,67,14,100
596,mfgfn,1,-16.78801,-7.712460198402405,58365.4,0.6814431285495667,69,15,100
597,mfgfn,1,-16.78801,-7.761762146949768,63655.4,0.6814431285495667,69,16,100
598,mfgfn,1,-10.2036705,-0.919776976108551,102.40000000000002,0.5823979146605445,90,0,200
599,mfgfn,1,-10.394546,-2.1231069123744963,9471.199999999999,0.5711103287979075,90,1,200
600,mfgfn,1,-10.475377,-3.0945034301280976,9573.599999999999,0.5683756930366772,88,2,200
601,mfgfn,1,-10.475377,-4.007876443862915,9675.999999999998,0.5683756930366772,88,3,200
602,mfgfn,1,-11.65645,-3.95368454515934,9778.399999999998,0.5842893090891922,79,4,200
603,mfgfn,1,-11.65645,-4.3318966060876845,20018.399999999998,0.5842893090891922,80,5,200
604,mfgfn,1,-11.65645,-5.228365781307221,26060.799999999996,0.5842893090891922,80,6,200
605,mfgfn,1,-11.65645,-5.228365781307221,26163.199999999997,0.5842893090891922,80,7,200
606,mfgfn,1,-13.272741,-5.18657994389534,26265.6,0.6228233503830002,108,8,200
607,mfgfn,1,-13.272741,-5.421177513599396,31535.8,0.6228233503830002,108,9,200
608,mfgfn,1,-13.272741,-5.577321112155914,36885.2,0.6228233503830002,108,10,200
609,mfgfn,1,-14.948289,-5.517771594524383,36987.6,0.6631815693553127,129,11,200
610,mfgfn,1,-14.948289,-5.671743288040161,42317.2,0.6631815693553125,129,12,200
611,mfgfn,1,-14.948289,-5.859174665212631,47825.0,0.6631815693553125,129,13,200
612,mfgfn,1,-14.948289,-5.966630102396011,52857.6,0.6631805427167434,129,14,200
613,mfgfn,1,-15.881811,-5.99351665019989,58365.4,0.6791609761175992,145,15,200
614,mfgfn,1,-15.881811,-6.064706554412842,63655.4,0.6791609761175992,145,16,200
